/*
Navicat MySQL Data Transfer

Source Server         : albert
Source Server Version : 50146
Source Host           : localhost:3306
Source Database       : bookstore

Target Server Type    : MYSQL
Target Server Version : 50146
File Encoding         : 65001

Date: 2012-06-08 13:38:27
*/

SET FOREIGN_KEY_CHECKS=0;
-- ----------------------------
-- Table structure for `admin`
-- ----------------------------
DROP TABLE IF EXISTS `admin`;
CREATE TABLE `admin` (
  `adminid` varchar(32) NOT NULL,
  `adminname` varchar(20) NOT NULL COMMENT '管理员姓名',
  `password` varchar(255) DEFAULT NULL COMMENT '密码',
  PRIMARY KEY (`adminid`),
  UNIQUE KEY `adminname` (`adminname`)
) ENGINE=InnoDB DEFAULT CHARSET=utf8;

-- ----------------------------
-- Records of admin
-- ----------------------------
INSERT INTO `admin` VALUES ('297edb02372838390137283958420001', 'xxx', 'f561aaf6ef0bf14d4208bb46a4ccb3ad');
INSERT INTO `admin` VALUES ('8adc82b53731134c0137312c3a2f0001', 'ddd', 'bd4ef821e451d5dc2dde26d60dca2b26');
INSERT INTO `admin` VALUES ('8adc82b53731134c0137312d50e10004', '染色用户', '0c267660daba0e24d4dd13632f406dd7');
INSERT INTO `admin` VALUES ('8adc82b53731134c0137312dd6a60006', '容易的', 'ed2ae7ca7afed23bdaefc026134c56ff');
INSERT INTO `admin` VALUES ('8adc82b53731134c0137312e56d30007', '的感觉我', '8d20716f0e87da9437c65b7931104325');
INSERT INTO `admin` VALUES ('8adc82b5373204f90137320712810001', 'trjy', '4b43b0aee35624cd95b910189b3dc231');
INSERT INTO `admin` VALUES ('8adc82b5373264fc0137326582e90001', '玩儿自行车', '8d5abab812035c856fb0eb7471835752');
INSERT INTO `admin` VALUES ('8adc82b5373264fc01373265d65a0002', '大厦是大方', '912ec803b2ce49e4a541068d495ab570');
INSERT INTO `admin` VALUES ('8adc82b5373264fc0137326729f60004', '是大概哈', '7a3445940f4159a5f19d45d5cd8a125a');
INSERT INTO `admin` VALUES ('ff80808136b50a580136b50baae10003', 'admin', '21232f297a57a5a743894a0e4a801fc3');

-- ----------------------------
-- Table structure for `billboard`
-- ----------------------------
DROP TABLE IF EXISTS `billboard`;
CREATE TABLE `billboard` (
  `billboardid` varchar(32) NOT NULL COMMENT '公告id',
  `title` varchar(255) DEFAULT NULL COMMENT '公告标题',
  `content` text COMMENT '公告内容',
  `publishtime` timestamp NULL DEFAULT CURRENT_TIMESTAMP COMMENT '发布时间',
  `status` int(1) NOT NULL DEFAULT '0' COMMENT '公告状态（0：显示；1：隐藏）',
  PRIMARY KEY (`billboardid`)
) ENGINE=InnoDB DEFAULT CHARSET=utf8;

-- ----------------------------
-- Records of billboard
-- ----------------------------
INSERT INTO `billboard` VALUES ('8adc82b5371c16d801371c1d6f030001', '公告标题公告标题公告标题公告标题公告标题', '公告内容：公告内容：公告内容：公告内容：公告内容：公告内容：公告内容：公告内容：公告内容：公告内容：公告内容：公告内容：公告内容：公告内容：公告内容：公告内容：公告内容：公告内容：公告内容：公告内容：公告内容：公告内容：公告内容：公告内容：公告内容：公告内容：公告内容：公告内容：公告内容：公告内容：公告内容：公告内容：公告内容：公告内容：公告内容：公告内容：公告内容：公告内容：公告内容：公告内容：公告内容：公告内容：公告内容：公告内容：公告内容：公告内容：公告内容：公告内容：公告内容：公告内容：公告内容：公告内容：公告内容：公告内容：公告内容：公告内容：公告内容：公告内容：公告内容：公告内容：', '2012-05-05 16:28:40', '1');
INSERT INTO `billboard` VALUES ('8adc82b5371c16d801371c1f76dc0002', '阿萨德法国gas的', '阿斯顿个是噶是否和哈佛阿斯顿个是噶是否和哈佛阿斯顿个是噶是否和哈佛阿斯顿个是噶是否和哈佛阿斯顿个是噶是否和哈佛阿斯顿个是噶是否和哈佛阿斯顿个是噶是否和哈佛阿斯顿个是噶是否和哈佛阿斯顿个是噶是否和哈佛阿斯顿个是噶是否和哈佛阿斯顿个是噶是否和哈佛阿斯顿个是噶是否和哈佛阿斯顿个是噶是否和哈佛阿斯顿个是噶是否和哈佛阿斯顿个是噶是否和哈佛阿斯顿个是噶是否和哈佛阿斯顿个是噶是否和哈佛阿斯顿个是噶是否和哈佛阿斯顿个是噶是否和哈佛阿斯顿个是噶是否和哈佛阿斯顿个是噶是否和哈佛阿斯顿个是噶是否和哈佛阿斯顿个是噶是否和哈佛阿斯顿个是噶是否和哈佛阿斯顿个是噶是否和哈佛阿斯顿个是噶是否和哈佛阿斯顿个是噶是否和哈佛阿斯顿个是噶是否和哈佛阿斯顿个是噶是否和哈佛阿斯顿个是噶是否和哈佛阿斯顿个是噶是否和哈佛阿斯顿个是噶是否和哈佛', '2012-05-05 16:30:53', '0');
INSERT INTO `billboard` VALUES ('8adc82b5371c16d801371c1fbcd70003', '阿是人体聚齐网', '阿是人体聚齐网阿是人体聚齐网阿是人体聚齐网阿是人体聚齐网阿是人体聚齐网阿是人体聚齐网阿是人体聚齐网阿是人体聚齐网阿是人体聚齐网阿是人体聚齐网阿是人体聚齐网阿是人体聚齐网阿是人体聚齐网阿是人体聚齐网阿是人体聚齐网阿是人体聚齐网阿是人体聚齐网阿是人体聚齐网阿是人体聚齐网阿是人体聚齐网阿是人体聚齐网阿是人体聚齐网阿是人体聚齐网阿是人体聚齐网阿是人体聚齐网阿是人体聚齐网阿是人体聚齐网阿是人体聚齐网阿是人体聚齐网阿是人体聚齐网阿是人体聚齐网阿是人体聚齐网阿是人体聚齐网阿是人体聚齐网阿是人体聚齐网', '2012-05-05 16:31:11', '0');
INSERT INTO `billboard` VALUES ('8adc82b5371c16d801371c1fe62f0004', '风格金额阿萨德飞', '风格金额阿萨德飞风格金额阿萨德飞风格金额阿萨德飞风格金额阿萨德飞风格金额阿萨德飞风格金额阿萨德飞风格金额阿萨风格金额阿萨德飞风格金额阿萨德飞风格金额阿萨德飞风格金额阿萨德飞风格金额阿萨德飞风格金额阿萨德飞风格金额阿萨德飞风格金额阿萨德飞风格金额阿萨德飞风格金额阿萨德飞风格金额阿萨德飞风格金额阿萨德飞风格金额阿萨德飞风格金额阿萨德飞风格金额阿萨德飞风格金额阿萨德飞风格金额阿萨德飞风格金额阿萨德飞风格金额阿萨德飞风格金额阿萨德飞风格金额阿萨德飞风格金额阿萨德飞风格金额阿萨德飞风格金额阿萨德飞风格金额阿萨德飞风格金额阿萨德飞风格金额阿萨德飞风格金额阿萨德飞德飞', '2012-05-05 16:31:21', '0');
INSERT INTO `billboard` VALUES ('8adc82b5371c16d801371c2021fc0005', '大使馆饿啊问题', '大使馆饿啊问题大使馆饿啊问题大使馆饿啊问题大使馆饿啊问题大使馆饿啊问题大使馆饿啊问题大使馆饿啊问题大使馆饿啊问大使馆饿啊问题大使馆饿啊问题大使馆饿啊问题大使馆饿啊问题大使馆饿啊问题大使馆饿啊问题大使馆饿啊问题大使馆饿啊问题大使馆饿啊问题大使馆饿啊问题大使馆饿啊问题大使馆饿啊问题大使馆饿啊问题大使馆饿啊问题大使馆饿啊问题大使馆饿啊问题大使馆饿啊问题大使馆饿啊问题大使馆饿啊问题大使馆饿啊问题大使馆饿啊问题大使馆饿啊问题大使馆饿啊问题大使馆饿啊问题大使馆饿啊问题大使馆饿啊问题大使馆饿啊问题大使馆饿啊问题大使馆饿啊问题大使馆饿啊问题大使馆饿啊问题大使馆饿啊问题大使馆饿啊问题大使馆饿啊问题大使馆饿啊问题大使馆饿啊问题大使馆饿啊问题大使馆饿啊问题大使馆饿啊问题大使馆饿啊问题题', '2012-05-05 16:31:36', '1');
INSERT INTO `billboard` VALUES ('8adc82bd36d348710136d349ac4f0001', '公告标题', '内容内容内容内容', '2012-04-21 13:04:42', '1');
INSERT INTO `billboard` VALUES ('8adc82bd36d352aa0136d3538fcf0001', '公告标题', '阿是德国和热议哈哈芳馨众不知得分阿是德国和热议哈哈芳馨众不知得分阿是德国和热议哈哈芳馨众不知得分阿是德国和热议哈哈芳馨众不知得分阿是德国和热议哈哈芳馨众不知得分阿是德国和热议哈哈芳馨众不知得分阿是德国和热议哈哈芳馨众不知得分阿是德国和热议哈哈芳馨众不知得分阿是德国和热议哈哈芳馨众不知得分阿是德国和热议哈哈芳馨众不知得分阿是德国和热议哈哈芳馨众不知得分阿是德国和热议哈哈芳馨众不知得分阿是德国和热议哈哈芳馨众不知得分阿是德国和热议哈哈芳馨众不知得分阿是德国和热议哈哈芳馨众不知得分阿是德国和热议哈哈芳馨众不知得分阿是德国和热议哈哈芳馨众不知得分阿是德国和热议哈哈芳馨众不知得分阿是德国和热议哈哈芳馨众不知得分阿是德国和热议哈哈芳馨众不知得分阿是德国和热议哈哈芳馨众不知得分阿是德国和热议哈哈芳馨众不知得分阿是德国和热议哈哈芳馨众不知得分阿是德国和热议哈哈芳馨众不知得分阿是德国和热议哈哈芳馨众不知得分阿是德国和热议哈哈芳馨众不知得分。', '2012-04-21 13:15:30', '0');

-- ----------------------------
-- Table structure for `book`
-- ----------------------------
DROP TABLE IF EXISTS `book`;
CREATE TABLE `book` (
  `bookid` varchar(32) NOT NULL,
  `name` varchar(255) NOT NULL DEFAULT '书名',
  `author` varchar(255) DEFAULT NULL COMMENT '作者',
  `categoryid` varchar(32) DEFAULT NULL COMMENT '图书类别',
  `description` text COMMENT '图书描述',
  `imageurl` varchar(255) DEFAULT NULL COMMENT '图书图片地址',
  `bid` decimal(8,2) DEFAULT NULL COMMENT '购入价格',
  `originalprice` decimal(8,2) DEFAULT NULL COMMENT '定价',
  `discount` int(2) DEFAULT NULL COMMENT '折扣(例如：76折)',
  `price` double(8,2) DEFAULT NULL COMMENT '销售价格',
  `publisherid` varchar(32) DEFAULT NULL COMMENT '出版社',
  `publishdate` date DEFAULT NULL COMMENT '出版日期',
  `printcount` int(3) DEFAULT NULL COMMENT '印次',
  `printdate` date DEFAULT NULL COMMENT '印刷日期',
  `onshelfdate` timestamp NULL DEFAULT CURRENT_TIMESTAMP COMMENT '上架时间',
  `stock` int(10) DEFAULT '0' COMMENT '库存',
  `status` int(2) DEFAULT '0' COMMENT '图书状态（0：上架；1：下架）',
  PRIMARY KEY (`bookid`),
  KEY `publisherid` (`publisherid`),
  KEY `categoryid` (`categoryid`),
  CONSTRAINT `book_ibfk_2` FOREIGN KEY (`publisherid`) REFERENCES `publisher` (`publisherid`),
  CONSTRAINT `book_ibfk_3` FOREIGN KEY (`categoryid`) REFERENCES `lowcategory` (`categoryid`)
) ENGINE=InnoDB DEFAULT CHARSET=utf8;

-- ----------------------------
-- Records of book
-- ----------------------------
INSERT INTO `book` VALUES ('402881e637c797730137c7ab54a2000a', '影响力（经典版）（全国独家首发，经典著作王者归来，风靡20年，最畅销社会心理学作品）', '西奥迪尼', '8adc82b53779ece701377a2843b00031', '自出版以来，《影响力》就一直是最为畅销的图书。由于它的影响，劝说得以成为一门科学。无论你是普通人还是为某一产品或事业观点游说的人，这都是一本最基本的书，是你理解人们心理的基石。\r\n在这本书中，心理学家罗伯特?B?西奥迪尼博士为我们解释了为什么有些人极具说服力，而我们总是容易上当受骗。隐藏在冲动地顺从他人行为背后的6大心理秘笈，正是这一切的根源。那些劝说高手们，总是熟练地运用它们，让我们就范。', '..//bookimage//1339084722550.JPG', '15.00', '45.00', '60', '27.10', '402881e637c797730137c7a709200009', '2010-09-01', '1', '2010-09-01', '2012-06-07 23:58:43', '22', '0');
INSERT INTO `book` VALUES ('402881e637c797730137c7b0eb86000b', '深入理解Java虚拟机:JVM高级特性与最佳实践（超级畅销书，6个月5次印刷，从实践角度解析JVM工作原理，Java程序员必备）', '周志明', '8adc82b53779ece701377a269934002d', '作为一位Java程序员，你是否也曾经想深入理解Java虚拟机，但是却被它的复杂和深奥拒之门外？没关系，本书极尽化繁为简之妙，能带领你在轻松中领略Java虚拟机的奥秘。本书是近年来国内出版的唯一一本与Java虚拟机相关的专著，也是唯一一本同时从核心理论和实际运用这两个角度去探讨Java虚拟机的著作，不仅理论分析得透彻，而且书中包含的典型案例和最佳实践也极具现实指导意义。', '..//bookimage//1339085088911.JPG', '30.00', '69.00', '67', '46.20', '8adc82bd36d626350136d62c40de0001', '2011-07-01', '1', '2011-07-01', '2012-06-08 00:04:49', '22', '0');
INSERT INTO `book` VALUES ('402881e637c797730137c7b3125f000c', '时间的针脚（2011年西班牙第一畅销书：一部包含谍战、惊险、秘密和爱情所有元素的书！）', '杜埃尼亚斯', 'ff80808136ced4830136ced74fde0001', '天真烂漫的裁缝姑娘希拉，结婚前夕和未婚夫推开打字机专卖店的门，她原本已经确定的命运随即被彻底改变：一笔巨额财产和从未谋面的父亲，都从天而降！\r\n　　这只是不朽时间摹本的第一页，随着烽烟四起年代的一页一页渐次翻开，整个地中海沿岸成了她的舞台：政治、谍战、阴谋、冒险……这些原本与她毫不相干的东西，一时间都与她呼吸相闻……\r\n　　诺贝尔文学奖得主略萨倾情推荐：一部充满阴谋、爱情、神秘和柔情的神奇小说。', '..//bookimage//1339085230341.JPG', '18.00', '39.50', '69', '27.30', '8adc82b5377a355501377a77353f0007', '2012-03-01', '1', '2012-03-01', '2012-06-08 00:07:10', '22', '0');
INSERT INTO `book` VALUES ('8adc82b537354fe801373553dabd0001', '电子商务', '宋远方，蒲春梅', '8adc82bd36d618eb0136d61b1eae0002', '本书是《电子商务》的第2版，在第1版的基础架构上，面向企业管理者与使用者，全面介绍电子商务概念、结构、技术及其应用。其特点在于理论阐述循序渐进，由浅入深，不过分注重技术细节，强调电子商务与企业整体战略的结合、电子商务流程的优化与运作，同时结合大量国内外案例进行深入浅出的说明，既有理论的透彻性，又有实际操作的灵活性。\r\n本书适用于高等院校经济管理、电子商务等相关专业师生，企事业电子商务从业人员及中高层管理者。未经许可，不得以任何方式复制或抄袭本书之部分或全部内容。', '..//bookimage//1337785294243.JPG', '15.00', '29.00', '75', '21.80', '8adc82b53779ece701377a2e6b21003d', '2009-07-01', '1', '2009-07-01', '2012-05-18 17:24:17', '11', '0');
INSERT INTO `book` VALUES ('8adc82b537354fe80137355569c40002', '数据库系统概论（第4版)', '王珊，萨师煊', '8adc82bd36d618eb0136d61b1eae0002', '本书第1版、第2版和第3版分别于1983年、1991年、2000年出版。第3版被列为“面向21世纪课程教材”，第4版是普通高等教育“十五”国家级规划教材，相应课程于2005年被评为国家精品课程。\r\n本书系统全面地阐述数据库系统的基础理论、基本技术和基本方法。全书分为4篇17章。基础篇包括绪论、关系数据库、关系数据库标准语言SQL、数据库安全性和数据库完整性，共5章；设计与应用开发篇包括关系数据理论、数据库设计和数据库编程，共3章；系统篇包括关系查询处理和查询优化、数据库恢复技术、并发控制和数据库管理系统，共4章；新技术篇包括数据库技术新发展、分布式数据库系统、对象关系数据库系统、XML数据库和数据仓库与联机分析处理技术，共5章。\r\n本书可以作为高等学校计算机专业、信息管理与信息系统等相关专业数据库课程的教材。也可供从事数据库系统研究、开发和应用的研究人员和工程技术人员参考。', '..//bookimage//1337785726428.JPG', '19.00', '39.00', '74', '29.00', '8adc82b5377a355501377a3f85d50001', '2012-05-01', '1', '2012-05-04', '2012-05-13 14:45:55', '4', '0');
INSERT INTO `book` VALUES ('8adc82b537354fe801373558a7270003', 'Java必须知道的300个问题（Java学习路线图）', '明日科技', '8adc82bd36d618eb0136d61b1eae0002', '本书以基础知识为框架，介绍了各部分知识所对应的常见开发疑难问题，并作了透彻地解析。主要内容包括Java语言概述、Eclipse开发工具、Java语言基础、流程控制、数组、面向对象入门、面向对象进阶、字符串与包装类、Java集合类框架、常用数学工具类、异常处理、输入／输出、枚举类型与泛型、Swin9入门、多线程、网络通信和数据库操作。\r\n　　书中列出的300个问题，都是一线开发人员在实际项目中经常会遇到的疑难问题。针对这些问题，本书给出了详尽的解决方案，并进行了技术上的解析。通过对本书的学习，能够帮助读者迅速提高解决实际问题的能力。\r\n　　本书提供了大量的源程序、素材，提供了相关的模块库、案例库、素材库、题库等多种形式的辅助学习资料，还提供迅速及时的微博、QQ、论坛等技术支持。\r\n　　本书内容详尽，对于较难理解的内容，配合实例进行讲解，适合作为Java初学者的辅助教材，也适合作为相关培训机构的师生和软件开发人员的参考资料。', '..//bookimage//1337785948814.JPG', '25.00', '49.80', '70', '34.90', '8adc82bd36d5da360136d5dbafb10002', '2012-05-01', '1', '2012-05-04', '2012-05-13 14:45:55', '3', '0');
INSERT INTO `book` VALUES ('8adc82b5373561d801373562cc210001', 'Java并发编程实战（第16届Jolt大奖提名图书，Java并发编程必读佳作）', 'Brian Goetz，Tim Peierls，Joshua Bloch，Joseph Bowbeer，David Holmes，Doug Lea', '8adc82bd36d618eb0136d61b1eae0002', '　本书深入浅出地介绍了Java线程和并发，是一本完美的Java并发参考手册。书中从并发性和线程安全性的基本概念出发，介绍了如何使用类库提供的基本并发构建块，用于避免并发危险、构造线程安全的类及验证线程安全的规则，如何将小的线程安全类组合成更大的线程安全类，如何利用线程来提高并发应用程序的吞吐量，如何识别可并行执行的任务，如何提高单线程子系统的响应性，如何确保并发程序执行预期任务，如何提高并发代码的性能和可伸缩性等内容，最后介绍了一些高级主题，如显式锁、原子变量、非阻塞算法以及如何开发自定义的同步工具类。\r\n　　本书适合Java程序开发人员阅读。', '..//bookimage//1337786148986.JPG', '19.00', '69.00', '65', '44.90', '8adc82bd36d626350136d62c40de0001', '2012-05-01', '1', '2012-05-04', '2012-05-13 14:45:55', '3', '0');
INSERT INTO `book` VALUES ('8adc82b5373561d801373563d7920002', 'Java从入门到精通（附光盘）（网友热评的Java入门宝典 教学视频超级给力）', '魔乐科技（MLDN）软件实训中心', '8adc82bd36d618eb0136d61b1eae0002', '本书以零基础讲解为宗旨，用实例引导读者深入学习，采取【基础知识→核心技术→高级应用→项目实战】的讲解模式，深入浅出地讲解Java的各项技术及实战技能。\r\n　　本书第1篇【基础知识】主要讲解如何创建第一个Java应用程序、Java语言的特点、Java开发环境的配置、程序的检测、Java开发工具Eclipse的使用、常量和变量、Java中的数据类型、运算符、表达式、语句、Java程序控制和数组等；第2篇【核心技术】主要讲解类和对象、类的封装、继承和多态、抽象类和接口、类的专题研究、Java常用类库、包及访问权限、Java程序异常处理、Java类集框架、枚举和Annotation等；第3篇【高级应用】主要讲解Java多线程、文件I/O操作、Java Applet小程序、Java网络程序设计和Java数据库编程等；第4篇【项目实战】主要讲解两个大的项目-五子棋和人事管理系统的设计。第5篇【王牌资源】在DVD光盘中赠送了丰富的资源，诸如Java SE类库查询手册、本书【练一练】答案、Eclipse常用快捷键、Eclipse提示与技巧、Java程序员职业规划、Java程序员面试技巧、Java常见面试题、Java常见错误及解决方案、Java开发经验及技巧大汇总等。\r\n　　另外光盘中还包含40小时的全程同步视频教学录像。', '..//bookimage//1337786248025.JPG', '30.00', '59.00', '75', '44.20', '8adc82b5377a355501377a4657c40003', '2012-05-01', '1', '2012-05-05', '2012-05-13 14:45:55', '3', '0');
INSERT INTO `book` VALUES ('8adc82b5373561d8013735641a470003', 'Java基础与案例开发详解（配光盘）（软件开发课堂）', '张孝祥，徐明华', '8adc82bd36d618eb0136d61b1eae0002', '本书以目前Java的较新版本Java SE 6.0为依托，结合Java语言特性和实战案例，充分融入了企业开发过程中编程人员遇到的种种Java核心技术问题和编程思想，全面系统地介绍了Java语言的基础知识、高级编程技术及应用方向。\r\n书中内容由浅入深、循序渐进，囊括了Java基本语法，数组和常用算法，Java面向对象的编程思想，还包括一些Java高级特性，并且将企业一些比较流行的项目融入本书中，如：聊天室程序、网络五子棋、仿QQ的网络聊天软件JQ等，使读者在较短的时间内就能够熟炼掌握Java特性和项目实战的方方面面。本书在讲解的过程中，结合Java知识点引用了大量的应用实例，并通过源代码一一列举，且每一部分内容都包含详细的注释和技巧提示，有助于初学者理解、把握问题的精髓，将所掌握的技术灵活应用到后期实际的项目开发过程中。\r\n本书既适合初学者和具有一定Java编程经验的用户使用，也适合广大软件开发者和编程爱好者作为参考用书。', '..//bookimage//1337786376220.JPG', '30.00', '56.00', '75', '42.00', '8adc82b5377a355501377a412eb90002', '2012-05-01', '1', '2012-05-05', '2012-05-13 14:45:55', '3', '0');
INSERT INTO `book` VALUES ('8adc82b53735655301373565fe4e0001', 'Java JDK6学习笔记（附光盘）', '林信良', '8adc82bd36d618eb0136d61b1eae0002', '本书是作者林信良本人近几年来学习Java的心得笔记，结构按照作者的学习脉络依次展开，从什么是Java、如何配置Java开发环境、基本的Java语法到程序流程控制、管理类文件、异常处理、枚举类型、泛型、J2SE中标准的API等均进行了详细介绍。本书还安排了一个“文字编辑器”的专题制作。此外，Java SE 6的新功能，对Java lang等套件的功能加强，以及JDBC4.0、Apache Derby纯Java数据库等新增功能，本书也都予以介绍。\r\n本书门槛很低，只要您了解Windows基本操作，无须有其他程序语言的基础，甚至没有接触过Java，都可以通过本书扎扎实实地学习Java。而对于一些曾经学习过JaVa，但概念和基础仍不扎实的读者，本书也准备了一些面向对象的观点与进阶的议题可供参考。', '..//bookimage//1337786483213.JPG', '30.00', '59.90', '75', '44.90', '8adc82b5377a355501377a412eb90002', '2012-05-01', '1', '2012-05-04', '2012-05-13 14:45:55', '3', '0');
INSERT INTO `book` VALUES ('8adc82b5373565530137356672aa0002', 'Java Web整合开发王者归来（JSP+Servlet+Struts+Hibernate+Spring）（配光盘）', '刘京华', '8adc82bd36d618eb0136d61b1eae0002', '本书全面介绍了Java Web开发中的各种相关技术及知识。全书分为9篇，内容层次清晰，难度循序渐进。第1篇为入门篇，内容包括Java Web开发概述等；第2篇为基础篇，内容包括Servlet技术、JSP技术、会话跟踪、过滤器Filter、监听器Listener等；第3篇为高级篇，内容包括JSTL标签库的使用、如何自定义标签、资源国际化、数据库概述、JDBC详解、XML概述等；第4篇为Struts框架篇，内容不仅包括Struts 1.x的内容，也包括Struts 2.x中的内容；第5篇为Hibernate框架篇；第6篇为Spring框架篇；第7篇为EJB与Web服务篇，内容包括EJB 3概述、JPA规范Web服务框架XFire等；第8篇为工具篇，内容包括在Java Web项目中常用的开源工具框架、主要有版本管理工具SVN、日志工具commons-logging与Log4J、报表图形引擎JFreeChart、PDF组件iText等；第9篇为实战篇，内容为两个典型的应用系统：论坛系统(Spring+Struts+Hibernate)、宠物商店(EJB 3+JPA+Struts 2)。\r\n本书附1张DVD光盘，内容为本书汲及的源代码和Java Web学习视频。\r\n本书内容全面，结构清晰，注重实战，非常适合Java Web开发人员学习使用，同时也可以作为软件公司的案头必备参考书。', '..//bookimage//1337786599823.JPG', '70.00', '99.80', '75', '74.80', '8adc82b5377a355501377a412eb90002', '2012-05-01', '1', '2012-05-04', '2012-05-13 14:45:55', '3', '0');
INSERT INTO `book` VALUES ('8adc82b5373565530137356902f50003', 'SuperMap iServer Java 从入门到精通（配光盘）', 'SuperMap图书编委会', '8adc82bd36d618eb0136d61b1eae0002', '地理信息共享一直是3s领域研究的热点和重点，近年来，对地理信息共享的需求剧增，促进了面向服务的地理信息共享模式在多个领域的快速发展，这一模式可以使信息资源共享与整合突破异构平台和各种软件应用环境的制约。为了更好地了解和应用这种新的地理信息共享模式，全书由浅入深，介绍了企业级gis服务器与服务式gis开发平台supermap iserver java的功能开发和应用。\r\n　　《supermap iserver java从入门到精通》共16章，主题包括：supermap iserver java概述、supermap iserver java服务发布与管理、开发准备、地图查询、专题图、空间分析、网络分析、数据管理、富客户端的渲染、flex应用部署、性能优化、supermap iserver java集群、地理信息服务聚合、supermap iserver java扩展开发、web三维开发及supermap云服务。\r\n　　《supermap iserver java从入门到精通》主要面向地理信息系统相关专业师生，可作为地理信息系统专业高年级学生或者研究生的实习教材，也可供从事面向网络的gis系统开发的工作者参考，帮助他们快速解决学习和工作中遇到的问题。', '..//bookimage//1337786695651.JPG', '35.00', '59.00', '75', '44.30', '8adc82b5377a355501377a412eb90002', '2012-05-02', '1', '2012-05-04', '2012-05-13 14:45:55', '3', '0');
INSERT INTO `book` VALUES ('8adc82b5373565530137356a845f0004', 'Java核心技术：卷Ⅰ基础知识（原书第8版）', '（美）昊斯特曼', '8adc82bd36d618eb0136d61b1eae0002', '《Java核心技术》出版以来一直畅销不衰，深受读者青睐，每个新版本都尽可能快地跟上Java开发工具箱发展的步伐，而且每一版都重新改写了部分内容，以便适应Java的最新特性。本版也不例外，它反映了Java SE 6的新特性。全书共14章，包括Java基本的程序结构、对象与类、继承、接口与内部类、图形程序设计、事件处理、Swing用户界面组件、部署应用程序和Applet、异常日志断言和调试、泛型程序设计、集合以及多线程等内容。\r\n全书对Java技术的阐述精确到位，叙述方式深入浅出，并包含大量示例，从而帮助读者充分理解Java语言以及Java类库的相关特性。', '..//bookimage//1337786839191.JPG', '70.00', '98.00', '75', '73.50', '8adc82bd36d626350136d62c40de0001', '2012-05-01', '1', '2012-05-05', '2012-05-13 14:45:55', '3', '0');
INSERT INTO `book` VALUES ('8adc82b5373565530137356c177e0005', 'Java网络编程（第3版）——O’Reilly Java系列', '（英）哈诺德', '8adc82bd36d618eb0136d61b1eae0002', '《Java网络编程》第三版会为你介绍Java网络API的最新特性。本书讨论了JDK 1.4和1.5（现在已命名为J2SE 5）中所做的所有修改和增补。本书内容全面，涵盖了从网络基础知识到远程方法调用（RMI）等各方面的内容，书中章节涉及到TCP和UDP socket、服务器socket、URL和URI、组播以及特殊用途的API（如JavaMail）等等。本书展示了如何使用JSSE编写安全的网络应用程序，解释了如何使用NIO API编写超高性能的服务器。它还涵盖了Java对网络代理、Web cookie和URL缓存的支持。\r\n《Java网络编程》不仅仅是对API的解释：它还展示了如何使用API。本书有很多示例，包含了几千行可以实际工作的代码（所有代码都可以在线获得），实现了功能完整的网络客户端和服务器。无论是希望编写特殊用途的Web服务器、安全的在线订单接收程序、简单的组播代理还是电子邮件客户端，都会找到可供学习和借用的代码。\r\n无论你是经验丰富的网络开发人员、Java程序员新手，还是只希望对Java网络编程稍有些了解的人，都会发现《Java编程（第三版）》将成为你的书库中一个重要的部分。一旦开始使用Java网络API，只要你能想到它就能够做得到。', '..//bookimage//1337787033625.JPG', '50.00', '85.00', '75', '63.80', '8adc82b5377a355501377a4fa4ed0004', '2012-05-01', '1', '2012-05-04', '2012-05-13 14:45:55', '22', '0');
INSERT INTO `book` VALUES ('8adc82b5373a504201373a50f7130001', '名师讲坛——Java开发实战经典（配光盘）', '李兴华', 'ff80808136ced4830136ced74fde0001', '本书是一本综合讲解Java核心技术的书籍，在书中使用大量的代码及案例进行知识点的分析与运用，并且给出一些比较成熟的开发步骤，帮助读者更好地进行Java的开发。从作者多年的Java培训经验来看，大部分学生对各种高端开发都没有任何问题，唯一的问题在于Java基础并不牢固，而且在国内也始终没有一本真正可以引领读者入门的好书籍，大部分的书籍都是围绕概念本身进行讲解的，没有讲解清楚为什么要具备这些知识以及该如何去理解这些知识。本书真正地做到了让每一位读者都能清楚地知道每个知识点的来龙去脉，不仅可以很容易地看懂一个程序，而且能真正地灵活运用程序，编写代码。\r\n　　在学习编程语言时，环境、代码调试等，都是很多读者最头疼的地方，而且很多代码都会存在一些细节上的问题，所以，本书为了让读者可以更好地理解每一个知识点，将书中所有内容都录制成了视频，让每一位读者真正做到“轻松学Java、从零开始学Java”，以优质的视频教学为每一位读者提供最大的支持。\r\n　　“注意”、“提示”、“问答”是本书的一大特色，通过这样的方式，可以让读者进行更加全面的思考，这些特色中还包含了不少在Java面试中有可能遇到的问题，这让每位读者在打好基础、巩固技术之余，也能为面试提供强有力的支持。', '..//bookimage//1337787250421.JPG', '45.00', '79.80', '70', '59.80', '8adc82b5377a355501377a412eb90002', '2012-05-02', '1', '2012-05-05', '2012-05-13 14:45:55', '22', '0');
INSERT INTO `book` VALUES ('8adc82b5377a355501377a6ce2910006', '女管家的心事（四获金匕首奖，三获爱伦坡大奖，被授予英国最高级巴思爵士。犯罪小说女王鲁斯?伦德尔代表作）', '（英）伦德尔', 'ff80808136ced4830136ced74fde0001', '科弗代尔家四名成员——乔治、杰奎琳、梅琳达和贾尔斯——在情人节二月十四日那天的短短十五分钟内全部毙命。\r\n　　周日晚上当他们在电视机前看歌剧时，管家尤妮斯·帕切曼开枪将他们打死。两周之后尤妮斯被捕，被控谋杀。\r\n　　但这既不是悲剧的开始，也不是悲剧的结束。', '..//bookimage//1337788785295.JPG', '5.00', '25.00', '68', '17.00', '8adc82b5377a355501377a6ae97d0005', '2012-04-01', '1', '2012-04-01', '2012-05-23 23:59:45', '50', '0');
INSERT INTO `book` VALUES ('8adc82b5377a355501377a790d660008', '时间的针脚（2011年西班牙第一畅销书：一部包含谍战、惊险、秘密和爱情所有元素的书！）', '（西）杜埃尼亚斯', 'ff80808136ced4830136ced74fde0001', '天真烂漫的裁缝姑娘希拉，结婚前夕和未婚夫推开打字机专卖店的门，她原本已经确定的命运随即被彻底改变：一笔巨额财产和从未谋面的父亲，都从天而降！\r\n　　这只是不朽时间摹本的第一页，随着烽烟四起年代的一页一页渐次翻开，整个地中海沿岸成了她的舞台：政治、谍战、阴谋、冒险……这些原本与她毫不相干的东西，一时间都与她呼吸相闻……\r\n　　诺贝尔文学奖得主略萨倾情推荐：一部充满阴谋、爱情、神秘和柔情的神奇小说。', '..//bookimage//1337789582693.JPG', '20.00', '39.50', '69', '27.30', '8adc82b5377a355501377a77353f0007', '2012-03-01', '1', '2012-03-01', '2012-05-24 00:13:02', '20', '0');
INSERT INTO `book` VALUES ('8adc82b5377a355501377a7c1d43000a', '你若安好（2012年首部唯美浪漫文字电影,你若流泪，先湿我心；你若安好，便是晴天·悦读纪·）', '静悠', 'ff80808136cf17d60136cf1cd6a90001', '○  我相信，有你的日子，都是晴天……\r\n————————————————————————————\r\n○  那个下午\r\n门口的玉兰花掉落16瓣\r\n百合花开了8朵\r\n小蚂蚁爬上梧桐树27只\r\n猫咪叫唤13声\r\n门铃响了2次\r\n　　\r\n她，', '..//bookimage//1337789783362.JPG', '8.00', '28.00', '60', '16.70', '8adc82b5377a355501377a79d0e80009', '2012-03-01', '1', '2012-03-01', '2012-05-24 00:16:23', '30', '0');
INSERT INTO `book` VALUES ('8adc82b5377a355501377a7f0640000c', '沉默的大多数-王小波文集', '王小波 ', '8adc82b53779ece701377a1d67690009', '我对自己的要求很低：我活在世上，无非想要明白些道理，遇见些有趣的事。倘能如我所愿，我的一生就算成功。为此也要去论是非，否则道理不给你明白，有趣的事也不让你遇到。我开始得太晚了，很可能做不成什么，但我总得申明我的态度，所以就有了这本书——为我自己，也代表沉默的大多数。\r\n——王小波', '..//bookimage//1337789974079.JPG', '5.00', '18.80', '55', '10.30', '8adc82b5377a355501377a7d2d66000b', '2006-04-01', '1', '2006-04-01', '2012-05-24 00:19:34', '10', '0');
INSERT INTO `book` VALUES ('8adc82bd36d61cee0136d61e0e7d0001', '计算机网络 第5版（含光盘）', '谢希仁', '8adc82bd36d618eb0136d61b1eae0002', '本书自1989年首次出版以来，于1994年、1999年和2003年分别出了修订版。2006年8月本教材通过了教育部的评审，被纳入普通高等教育“十一五”国家级规划教材。《计算机网络》的第5版，在内容和结构方面都有了很大的修改。\r\n　　全书分为10章，比较全面系统地介绍了计算机网络的发展和原理体系结构、物理层、数据链路层、网络层、运输层、应用层、网络安全、因特网上的音频/视频服务、无线网络和下一代因特网等内容。各章均附有练习题。此外，附录A给出了部分习题的答案和提示。随书配套的光盘中，有全书课件和作者教学中经常遇到的150多个问题及解答，计算机网络最基本概念的演示（PowerPoint文件），以及本书引用的全部RFC文档等，供读者参阅。\r\n　　本书的特点是概念准确、论述严谨、内容新颖、图文并茂。突出基本原理和基本概念的阐述，同时力图反映出计算机网络的一些最新发展。本书可供电气信息类和计算机类专业的大学本科生和研究生使用，对从事计算机网络工作的工程技术人员也有学习参考价值。', '..//bookimage//1337787466361.JPG', '19.00', '35.00', '70', '24.50', '8adc82b53779ece701377a2e6b21003d', '2012-04-10', '1', '2012-04-10', '2012-05-18 16:56:01', '0', '0');
INSERT INTO `book` VALUES ('8adc82bd36d6339a0136d634a2100001', 'Head First 设计模式（中文版）', '（美）伽玛', '8adc82bd36d618eb0136d61b1eae0002', '强大的写作阵容。本书作者Eric Freeman；ElElisabeth Freeman是作家、讲师和技术顾问。Eric拥有耶鲁大学的计算机科学博士学位，E1isabath拥有耶鲁大学的计算机科学硕士学位。Kathy Sierra(javaranch．com的创始人)FHBert Bates是畅销的HeadFirst系列书籍的创立者，也是Sun公司Java开发员认证考试的开发者。本书的产品设计应用神经生物学、认知科学，以及学习理论，这使得这本书能够将这些知识深深地印在你的脑海里，不容易被遗忘。本书的编写方式采用引导式教学，不直接告诉你该怎么做，而是利用故事当作引子，带领读者思考并想办法解决问题。解决问题的过程中又会产生一些新的问题，再继续思考、继续解决问题，这样可以加深体会。作者以大量的生活化故事当背景，例如第1章是鸭子，第2章是气象站，第3章是咖啡店，书中搭配大量的插图(几乎每一页都有图)，所以阅读起来生动有趣，不会感觉到昏昏欲睡。作者还利用歪歪斜斜的手写字体，增加“现场感”。精心设计许多爆笑的对白，让学习过程不会太枯燥。还有模式告白节目，将设计模式拟人化成节目来宾，畅谈其内在的一切。本书大量采用uML的class Diagram(Static Structure Diagram)。书中的例子程序虽然都是用JaVa编写，但是本书所介绍的内容对于任何00语言的用户都适用，包括c++和c孝。每一章都有数目不等的测验题。每章最后有一页要点整理，这也是精华所在，我都是利用这一页做复习。', '..//bookimage//1337787584826.JPG', '50.00', '98.00', '70', '68.80', '8adc82b5377a355501377a4fa4ed0004', '2012-04-03', '1', '2012-04-04', '2012-05-13 14:45:55', '62', '0');
INSERT INTO `book` VALUES ('8adc82bd36d9c21f0136d9c2f3900001', '疯狂Java讲义（附光盘 案例驱动 注解详细 李刚老师引爆编程激情）', '李刚', '8adc82bd36d618eb0136d61b1eae0002', '从2000年至今，Java语言一直是应用最广的开发语言，并拥有最广泛的开发人群。如今，Java已经不再简单地是一门语言，它更像一个完整的体系，一个系统的开发平台。更甚至，它被延伸成一种开源精神。\r\n　　本书深入介绍了Java编程的相关方面，全书内容覆盖了Java的基本语法结构、Java的面向对象特征、Java集合框架体系、Java泛型、异常处理、Java GUI编程、JDBC数据库编程、Java注释、Java的IO流体系、Java多线程编程、Java网络通信编程和Java反射机制。共覆盖了java.awt、java.lang、java.io和java.nio、java.sql、java.text、java.util、javax.swing包下绝大部分类和接口。\r\n　　本书并不单纯从知识角度来讲解Java，而是从解决问题的角度来介绍Java语言，所以本书中介绍了大量实用案例开发：五子棋游戏、梭哈游戏、仿QQ的游戏大厅、MySQL企业管理器、仿EditPlus的文本编辑器、多线程、断点下载工具、Spring框架的IoC容器……这些案例既能让读者巩固每章的知识，又可以让读者学以致用、激发编程自豪感，进而引爆内心的编程激情。本书光盘里包含书中所有示例的代码，如果读者希望获得课后练习的程序代码。', '..//bookimage//1337787683702.JPG', '50.00', '99.00', '80', '79.20', '8adc82b53779ece701377a2e6b21003d', '2012-04-10', '1', '2012-04-12', '2012-05-18 16:56:54', '5', '0');
INSERT INTO `book` VALUES ('8adc82bd36d9d3640136d9d41c150001', 'Java入门1·2·3——一个老鸟的Java学习心得（配光盘）', '臧萌', '8adc82bd36d618eb0136d61b1eae0002', '本书是一本与众不同的Java入门好书。作者以独特的视角，向Java初学者讲述了如何才能真正理解和掌握Java语言。本书充分考虑了初学Java语言的种种困难，讲解时细致入微，抽丝剥茧，层层推进，并采用对比、比喻和类比的方式讲解，还给出了大量的流程图帮助读者理解各种概念和程序的运行过程。另外，作者专门录制了近16小时的多媒体语音教学视频帮助读者直观地学习。这些视频和书中的源代码一起收录于本书的DVD光盘中。\r\n    本书分3篇。第1篇为Java语言基本语法，包括Java语言概述、配置开发环境、Java中的基本数据类型、Java运算符、Java流程控制语句和数组。第2篇为Java语言高级语法，包括类、对象、方法、继承、多态、修饰符、接口、抽象类、内部类、Java异常处理和多线程编程。第3篇为Java语言编程进阶，包括Java编程常用知识、Java文件编程、Java文件I/O编程、Java TCP编程、Java UDP编程、Java Swing编程、JDBC编程，最后还给出了一个聊天程序实例和一个数据表操作窗口实例，将Swing、UDP、Java集合类、线程同步、接口和JDBC编程。', '..//bookimage//1337787917113.JPG', '30.00', '69.00', '70', '48.30', '8adc82b5377a355501377a412eb90002', '2012-04-02', '1', '2012-04-05', '2012-05-13 14:45:55', '2', '0');
INSERT INTO `book` VALUES ('8adc82bd36dd23ff0136dd254f200001', 'Java编程思想', 'Bruce Eckel', '8adc82bd36d618eb0136d61b1eae0002', '本书赢得了全球程序员的广泛赞誉，即使是最晦涩的概念，在Bruce Eckel的文字亲和力和小而直接的编程示例面前也会化解于无形。从Java的基础语法到最高级特性（深入的面向对象概念、多线程、自动项目构建、单元测试和调试等），本书都能逐步指导你轻松掌握。\r\n从本书获得的各项大奖以及来自世界各地的读者评论中，不难看出这是一本经典之作。本书的作者拥有多年教学经验，对C、C++以及Java语言都有独到、深入的见解，以通俗易懂及小而直接的示例解释了一个个晦涩抽象的概念。本书共22章，包括操作符、控制执行流程、访问权限控制、复用类、多态、接口、通过异常处理错误、字符串、泛型、数组、容器深入研究、Java I/O系统、枚举类型、并发以及图形化用户界面等内容。这些丰富的内容，包含了Java语言基础语法以及高级特性，适合各个层次的Java程序员阅读，同时也是高等院校讲授面向对象程序设计语言以及Java语言的绝佳教材和参考书。\r\n第4版特点：\r\n适合初学者与专业人员的经典的面向对象叙述方式，为更新的Java SE5/6增加了新的示例和章节。\r\n? 测验框架显示程序输出。', '..//bookimage//1337787735623.JPG', '50.00', '108.00', '75', '81.00', '8adc82bd36d626350136d62c40de0001', '2012-04-03', '1', '2012-04-04', '2012-05-15 14:40:53', '84', '0');
INSERT INTO `book` VALUES ('8adc82bd36dde9e00136de3c75e70001', '深入理解Java7：核心技术与最佳实践（资深专家撰写，深入解析Java7所有重要更新及Java平台核心技术 恢宏巨作 当当独家首发）', '成富', '8adc82bd36d618eb0136d61b1eae0002', '本书是学习Java 7新功能和新特性以及深入理解Java核心技术的最佳选择之一。经过近6年的等待，Java迎来了它的又一个历史性的版本—Java 7。Java 7在提高开发人员的生产效率、平台性能和模块方向上又迈进了一步，变得更加强大和灵活。本书不仅对Java 7的所有重要更新进行了全面的解读，而且还对Java平台的核心技术的底层实现进行了深入探讨，包含大量最佳实践。\r\n    全书的主要内容可分为三大部分：第一部分是1～6章，全面阐释Java 7在语法、JVM、类库和API等方面的所有重要新功能和新特性，掌握这部分内容有助于大幅度提升编码效率和提高代码质量；第二部分是7～13章，对JVM、Java源代码和字节代码操作、类加载器、对象生命周期、多线程、并发编程、泛型、安全等Java平台的核心技术进行了深入解析，掌握这部分内容有助于深入理解Java的底层原理；第三部分为第14章，是对Java 8的展望，简要介绍了Java 8中将要增加的新特性。', '..//bookimage//1337788029971.JPG', '30.00', '79.00', '75', '59.20', '8adc82bd36d626350136d62c40de0001', '2012-04-11', '1', '2012-04-20', '2012-05-13 14:45:55', '100', '0');
INSERT INTO `book` VALUES ('8adc82bd36dde9e00136de3cf4cb0002', 'Tomcat与Java Web开发技术详解（第2版）(含光盘1张)', '孙卫琴', '8adc82bd36d618eb0136d61b1eae0002', '本书结合最新的Tomcat 6版本，详细介绍了开发Java Web应用的各种技术。主要内容包括：Tomcat和Java Web开发的基础知识、Java Web开发的高级技术、在Java Web应用中运用第三方提供的实用软件（如Struts、Velocity和Log4J）的方法，以及Tomcat的各种高级功能。\r\n书中内容注重理论与实践相结合，列举了大量具有典型性和实用价值的Web应用实例，并提供了详细的开发和部署步骤。由于Java Web技术是SUN公司在Java Servlet规范中提出的通用技术，因此本书讲解的Java Web应用例子可以运行在任何一个实现了SUN的Servlet规范的Java Web服务器上。随书附赠光盘的内容为本书范例的源程序，以及本书涉及的部分软件的安装程序。\r\n本书语言深入浅出、通俗易懂，无论对于Java Web开发的新手还是行家来说，本书都是精通Tomcat和开发Java Web应用的必备的实用手册。本书还可作为高校相关专业学生学习Java Web开发的参考书，以及企业Java Web培训教材，也可作为SUN公司的SCWCD（SUN Certified Web Component Developer）认证的辅导教材。', '..//bookimage//1337788126342.JPG', '30.00', '79.50', '75', '59.60', '8adc82b53779ece701377a2e6b21003d', '2012-04-02', '1', '2012-04-12', '2012-05-13 14:45:55', '96', '0');
INSERT INTO `book` VALUES ('8adc82bd36dde9e00136de3d66f60003', '21天学通Java Web开发（第2版）(含DVD光盘1张)', '卡炟', '8adc82bd36d618eb0136d61b1eae0002', '《21天学通java web开发（第2版）(含dvd光盘1张)》是java web开发的基础教程，针对没有接触过或还不是特别熟悉java web开发的读者，详细介绍了java web开发的基础概念及技术要点。全书分为六篇共21章内容，第一篇为java web基础篇，介绍了执行环境和开发环境的搭建及jsp的语法基础。第二篇为jsp 2.0开发篇，介绍了jsp指令元素、jsp动作元素、jsp内置对象、jsp和javabean等内容。第三篇为servlet开发篇，介绍了servlet的基础知识及servlet监听器，以及过滤器的开发等内容。第四篇为使用设计模式篇，介绍了dao和mvc这两个经典设计模式。第五篇为框架技术篇，介绍了struts 2、hibernate、spring这三个目前非常流行的轻量级java web开发框架。第六篇为项目实战篇，通过整合前面的三个框架，开发一套用户管理系统。\r\n　　《21天学通java web开发（第2版）(含dvd光盘1张)》适合java web开发技术的初学者，也可作为大、中院校学生和培训班的教材。对于有一定java web开发技术基础，但还需要进一步学习的人员，本书也有较大的参考价值。\r\n　　本书附赠dvd光盘1张，内容包括超大容量手把手教学视频、电子教案（ppt）、源代码、职场面试法宝等。', '..//bookimage//1337788283817.JPG', '20.00', '49.80', '75', '37.40', '8adc82b53779ece701377a2e6b21003d', '2012-04-13', '1', '2012-04-20', '2012-05-13 14:45:55', '106', '0');
INSERT INTO `book` VALUES ('8adc82bd36dde9e00136de3dd31b0004', '亮剑Java Web项目开发案例导航(含DVD光盘1张)', '朱雪琴，常建功', '8adc82bd36d618eb0136d61b1eae0002', 'Java是目前最流行、发展最快的编程语言之一，其开放、跨平台的特点，吸引了众多的开发人员与软件公司。同时在众多软件公司及有志之士的共同努力下，出现了许多优秀的开源框架，为Java语言在企业级开发领域注入了新的血液。\r\n　　本书共介绍了10个项目案例，具体地向读者介绍了Java EE开发的整个流程，涵盖了目前几个比较流行的开源框架，如Struts、JSF、Spring、Hibernate，同时还有用于分布式企业级开发的EJB技术。在项目的开发过程中，笔者还多次使用到了Ajax技术，以增强用户体验。在每一个项目案例中，笔者都是按照实际的开发步骤介绍的，对每一个模块的代码都进行了详细的介绍，还对核心代码进行了详细的注释，尽量让读者读懂代码中的每一行、每一个细节。', '..//bookimage//1337788392804.JPG', '30.00', '69.00', '75', '51.80', '8adc82b53779ece701377a2e6b21003d', '2012-04-10', '1', '2012-04-11', '2012-05-13 14:45:55', '100', '0');
INSERT INTO `book` VALUES ('ff8080813722574c0137226064420001', '深入体验Java项目开发（配光盘）（开发日记）', '席国庆', '8adc82bd36d618eb0136d61b1eae0002', ' Java语言是当今使用最为频繁的编程语言之一，一直在开发领域占据重要的地位。席国庆的《深入体验Java项目开发》通过9个综合实例的实现过程，详细讲解了JAVA语言在实践项目中的综合运用过程，这些项目从作者的学生时代写起，到项目经理结束，一直贯穿于作者最重要的开发时期。第1章讲解了一个超市管理系统的具体实现流程；第2章讲解了一个航空订票管理系统的具体实现流程；第3章讲解了一个酒店管理系统的具体实现流程；第4章讲解了一个物业管理系统的具体实现流程；第5章讲解了一个商品管理系统的具体实现流程；第6章讲解了一个图书管理系统的具体实现流程；第7章讲解了一个OA办公系统的具体实现流程；第8章讲解了一个网吧管理系统的具体实现流程；第9章讲解了一个任务管理系统的具体实现流程；第10章讲解了利用JAV技术开发当前最流行的Android手机地图的基本流程。在具体讲解每个实例时，都遵循项目的进度来讲解，从接到项目到具体开发，直到最后的调试和发布。内容循序渐进，并穿插了学习技巧和职场生存法则，引领读者成全面掌握JAVA语言。\r\n     《深入体验Java项目开发》不但适用于JAVA语言的初学者，也适于有一定JAVA语言基础的读者，甚至也可以作为有一定造诣程程序员的参考书。', '..//bookimage//1337788500101.JPG', '25.00', '52.00', '75', '39.00', '8adc82b5377a355501377a412eb90002', '2012-05-01', '1', '2012-05-02', '2012-05-13 14:45:55', '21', '0');

-- ----------------------------
-- Table structure for `collect`
-- ----------------------------
DROP TABLE IF EXISTS `collect`;
CREATE TABLE `collect` (
  `collectid` varchar(32) NOT NULL COMMENT '收藏id',
  `bookid` varchar(32) NOT NULL COMMENT '图书id',
  `userid` varchar(32) NOT NULL COMMENT '用户id',
  `title` varchar(50) DEFAULT NULL COMMENT '收藏标签',
  `collectdate` timestamp NOT NULL DEFAULT CURRENT_TIMESTAMP COMMENT '收藏时间',
  PRIMARY KEY (`collectid`),
  KEY `bookid` (`bookid`),
  KEY `userid` (`userid`),
  CONSTRAINT `collect_ibfk_1` FOREIGN KEY (`bookid`) REFERENCES `book` (`bookid`) ON DELETE NO ACTION ON UPDATE NO ACTION,
  CONSTRAINT `collect_ibfk_2` FOREIGN KEY (`userid`) REFERENCES `user` (`userid`) ON DELETE NO ACTION ON UPDATE NO ACTION
) ENGINE=InnoDB DEFAULT CHARSET=utf8;

-- ----------------------------
-- Records of collect
-- ----------------------------
INSERT INTO `collect` VALUES ('402881e637c763540137c77032cc000c', '8adc82bd36d61cee0136d61e0e7d0001', '8adc828a3695d052013695d0b4e20001', null, '2012-06-07 22:54:08');
INSERT INTO `collect` VALUES ('8adc82b5376974bf0137697b9f440009', '8adc82b537354fe80137355569c40002', '8adc828a3695d052013695d0b4e20001', '课本', '2012-05-20 17:02:18');
INSERT INTO `collect` VALUES ('8adc82b5376974bf0137697cb751000c', '8adc82bd36dd23ff0136dd254f200001', '8adc828a3695d052013695d0b4e20001', null, '2012-05-20 17:03:30');
INSERT INTO `collect` VALUES ('8adc82b5376974bf0137697d4012000d', '8adc82bd36dde9e00136de3cf4cb0002', '8adc828a3695d052013695d0b4e20001', null, '2012-05-20 17:04:05');
INSERT INTO `collect` VALUES ('8adc82b5376974bf0137698383610012', '8adc82bd36dde9e00136de3d66f60003', '8adc828a3695d052013695d0b4e20001', null, '2012-05-20 17:10:55');
INSERT INTO `collect` VALUES ('8adc82b5376974bf01376984898e0015', '8adc82b537354fe801373558a7270003', '8adc828a3695d052013695d0b4e20001', null, '2012-05-20 17:12:02');
INSERT INTO `collect` VALUES ('8adc82b5376974bf013769899278001b', '8adc82bd36d9c21f0136d9c2f3900001', '8adc828a3695d052013695d0b4e20001', null, '2012-05-20 17:17:32');

-- ----------------------------
-- Table structure for `comment`
-- ----------------------------
DROP TABLE IF EXISTS `comment`;
CREATE TABLE `comment` (
  `commentid` varchar(32) NOT NULL,
  `userid` varchar(32) NOT NULL COMMENT '评论者',
  `bookid` varchar(32) NOT NULL COMMENT '评论的图书',
  `title` varchar(50) DEFAULT NULL COMMENT '评论标题',
  `content` text COMMENT '评论内容',
  `score` int(1) DEFAULT NULL COMMENT '评分',
  `commentdate` timestamp NULL DEFAULT CURRENT_TIMESTAMP ON UPDATE CURRENT_TIMESTAMP COMMENT '评论时间',
  PRIMARY KEY (`commentid`),
  KEY `userid` (`userid`),
  KEY `comment_ibfk_2` (`bookid`),
  CONSTRAINT `comment_ibfk_1` FOREIGN KEY (`userid`) REFERENCES `user` (`userid`) ON DELETE NO ACTION ON UPDATE NO ACTION,
  CONSTRAINT `comment_ibfk_2` FOREIGN KEY (`bookid`) REFERENCES `book` (`bookid`) ON DELETE NO ACTION ON UPDATE NO ACTION
) ENGINE=InnoDB DEFAULT CHARSET=utf8;

-- ----------------------------
-- Records of comment
-- ----------------------------
INSERT INTO `comment` VALUES ('402881e6374f16cc01374f230cc20006', '8adc828a3695d052013695d0b4e20001', '8adc82bd36d61cee0136d61e0e7d0001', '评论标题', '评论内容评论内容评论内容评论内容评论内容评论内容评论内容评论内容评论内容评论内容评论内容评论内容评论内容评论内容评论内容', '5', '2012-05-15 14:15:26');
INSERT INTO `comment` VALUES ('402881e6374f16cc01374f2372780007', '8adc828a3695d052013695d0b4e20001', '8adc82bd36d9c21f0136d9c2f3900001', '上忽然问', '啥的防护ZSDH然后杀之是如何ZXDGsrga踵息殆废喉', '5', '2012-05-15 14:15:52');
INSERT INTO `comment` VALUES ('402881e6374f16cc01374f2394220008', '8adc828a3695d052013695d0b4e20001', '8adc82bd36d9d3640136d9d41c150001', '评论标题', '按时发货哈死人', '5', '2012-05-15 14:16:00');
INSERT INTO `comment` VALUES ('402881e6374f16cc01374f3d1f360046', '8adc828a3695d052013695d0b4e20001', '8adc82bd36d61cee0136d61e0e7d0001', '评论标题', '评论内评论内评论内评论内评论内评论内', '4', '2012-05-15 14:43:54');
INSERT INTO `comment` VALUES ('402881e6374f16cc01374f3d4cb30047', '8adc828a3695d052013695d0b4e20001', '8adc82bd36d9c21f0136d9c2f3900001', '评论标题', '阿斯顿个哈桑有人', '5', '2012-05-15 14:44:06');
INSERT INTO `comment` VALUES ('402881e6374f16cc01374f3d86740048', '8adc828a3695d052013695d0b4e20001', '8adc82bd36d61cee0136d61e0e7d0001', '评论标题', '评论内评论内评论内评论内评论内', '5', '2012-05-15 14:44:21');
INSERT INTO `comment` VALUES ('402881e6374f16cc01374f3dc4100049', '8adc828a3695d052013695d0b4e20001', '8adc82bd36d61cee0136d61e0e7d0001', '评论标题', '真实的发赫然', '3', '2012-05-15 14:44:37');
INSERT INTO `comment` VALUES ('402881e6374f16cc01374f3dfbed004a', '8adc828a3695d052013695d0b4e20001', '8adc82b537354fe801373553dabd0001', '评论标题', '阿斯顿个哈热乎', '5', '2012-05-15 14:44:51');
INSERT INTO `comment` VALUES ('402881e6374f16cc01374f3e3bfa004b', '8adc828a3695d052013695d0b4e20001', '8adc82bd36d61cee0136d61e0e7d0001', '评论标题', '阿斯顿个好后', '5', '2012-05-15 14:45:07');
INSERT INTO `comment` VALUES ('402881e6374f16cc01374f3e691d004c', '8adc828a3695d052013695d0b4e20001', '8adc82bd36d61cee0136d61e0e7d0001', '评论标题', '阿斯顿个好', '5', '2012-05-15 14:45:19');
INSERT INTO `comment` VALUES ('402881e6374f16cc01374f3ea2a9004d', '8adc828a3695d052013695d0b4e20001', '8adc82bd36dd23ff0136dd254f200001', 'asdg', '在F十多天后', '5', '2012-05-15 14:45:33');
INSERT INTO `comment` VALUES ('402881e6374f16cc01374f3ec011004e', '8adc828a3695d052013695d0b4e20001', '8adc82bd36d9d3640136d9d41c150001', 'hashCode与equals的区别与联系', 'ZSDR有十多天后', '5', '2012-05-15 14:45:41');
INSERT INTO `comment` VALUES ('402881e6374f16cc01374f403027004f', '8adc828a3695d052013695d0b4e20001', '8adc82bd36d61cee0136d61e0e7d0001', 'String对象与StringPool之间的是是非非', '爱色入微亢', '5', '2012-05-15 14:47:15');
INSERT INTO `comment` VALUES ('402881e637c763540137c764ddb20001', '8adc828a3695d052013695d0b4e20001', '8adc82bd36d61cee0136d61e0e7d0001', '评论标题', '评论内容评论内容评论内容评论内容评论内容评论内容评论内容评论内容评论内容', '4', '2012-06-07 22:41:45');
INSERT INTO `comment` VALUES ('402881e637c763540137c7651e600002', '8adc828a3695d052013695d0b4e20001', 'ff8080813722574c0137226064420001', '评论标题', '评论内容评论内容评论内容评论内容评论内容', '4', '2012-06-07 22:42:01');
INSERT INTO `comment` VALUES ('402881e637c763540137c7653d4f0003', '8adc828a3695d052013695d0b4e20001', '8adc82bd36d9c21f0136d9c2f3900001', '评论标题', '评论内容评论内容评论内容评论内容', '5', '2012-06-07 22:42:09');
INSERT INTO `comment` VALUES ('402881e637c763540137c766058a0004', '8adc828a3695d052013695d0b4e20001', '8adc82bd36d6339a0136d634a2100001', '评论标题', '评论内容评论内容评论内容评论内容', '5', '2012-06-07 22:43:01');
INSERT INTO `comment` VALUES ('402881e637c763540137c7661e590005', '8adc828a3695d052013695d0b4e20001', '8adc82bd36d9d3640136d9d41c150001', '评论标题', '评论内容评论内容评论内容评论内容', '5', '2012-06-07 22:43:07');
INSERT INTO `comment` VALUES ('402881e637c763540137c7663b210006', '8adc828a3695d052013695d0b4e20001', '8adc82bd36dde9e00136de3d66f60003', '评论标题', '评论内容评论内容评论内容评论内容', '5', '2012-06-07 22:43:14');
INSERT INTO `comment` VALUES ('402881e637c763540137c76659d70007', '8adc828a3695d052013695d0b4e20001', '8adc82bd36dde9e00136de3cf4cb0002', '评论标题', '评论内容评论内容评论内容评论内容评论内容', '5', '2012-06-07 22:43:22');
INSERT INTO `comment` VALUES ('402881e637c763540137c76676810008', '8adc828a3695d052013695d0b4e20001', '8adc82bd36dde9e00136de3d66f60003', '评论标题', '评论内容评论内容评论内容评论内容评论内容', '3', '2012-06-07 22:43:30');
INSERT INTO `comment` VALUES ('402881e637c763540137c76695f40009', '8adc828a3695d052013695d0b4e20001', '8adc82bd36dde9e00136de3d66f60003', '评论标题', '评论内容评论内容评论内容评论内容', '3', '2012-06-07 22:43:38');
INSERT INTO `comment` VALUES ('402881e637c763540137c766b45d000a', '8adc828a3695d052013695d0b4e20001', '8adc82bd36d61cee0136d61e0e7d0001', '评论标题', '评论内容评论内容评论内容评论内容评论内容评论内容', '5', '2012-06-07 22:43:45');
INSERT INTO `comment` VALUES ('402881e637c763540137c766d0ef000b', '8adc828a3695d052013695d0b4e20001', '8adc82bd36d9c21f0136d9c2f3900001', '评论标题', '评论内容评论内容评论内容评论内容评论内容', '5', '2012-06-07 22:43:53');
INSERT INTO `comment` VALUES ('402881e637c763540137c786a8320013', '8adc828a3695d052013695d0b4e20001', '8adc82bd36d61cee0136d61e0e7d0001', '评论标题', '评论内容评论内容评论内容评论内容', '4', '2012-06-07 23:18:39');
INSERT INTO `comment` VALUES ('402881e637c763540137c786e3ef0014', '8adc828a3695d052013695d0b4e20001', '8adc82bd36d61cee0136d61e0e7d0001', '评论标题', '评论内容评论内容评论内容评论内容', '5', '2012-06-07 23:18:55');
INSERT INTO `comment` VALUES ('402881e637c763540137c78732a90015', '8adc828a3695d052013695d0b4e20001', '8adc82bd36d61cee0136d61e0e7d0001', '评论标题', '评论内容评论内容评论内容评论内容', '3', '2012-06-07 23:19:15');
INSERT INTO `comment` VALUES ('402881e637c763540137c78766c30016', '8adc828a3695d052013695d0b4e20001', '8adc82bd36d61cee0136d61e0e7d0001', '评论标题', '评论内容评论内容评论内容评论内容', '5', '2012-06-07 23:19:28');
INSERT INTO `comment` VALUES ('402881e637c763540137c787b0c70017', '8adc828a3695d052013695d0b4e20001', '8adc82bd36d61cee0136d61e0e7d0001', '评论标题', '评论内容评论内容评论内容评论内容', '5', '2012-06-07 23:19:47');
INSERT INTO `comment` VALUES ('402881e637c763540137c787e0f30018', '8adc828a3695d052013695d0b4e20001', '8adc82bd36d61cee0136d61e0e7d0001', '评论标题', '评论内容评论内容评论内容评论内容评论内容', '5', '2012-06-07 23:19:59');
INSERT INTO `comment` VALUES ('402881e637c763540137c78817570019', '8adc828a3695d052013695d0b4e20001', '8adc82bd36d61cee0136d61e0e7d0001', '评论标题', '评论内容评论内容评论内容评论内容', '5', '2012-06-07 23:20:13');
INSERT INTO `comment` VALUES ('402881e637c763540137c7893ec3001a', '8adc828a3695d052013695d0b4e20001', '8adc82bd36d61cee0136d61e0e7d0001', '评论标题', '评论内容评论内容评论内容评论内容', '5', '2012-06-07 23:21:29');
INSERT INTO `comment` VALUES ('402881e637c763540137c7895e47001b', '8adc828a3695d052013695d0b4e20001', '8adc82bd36d61cee0136d61e0e7d0001', '评论标题', '评论内容评论内容评论内容评论内容', '5', '2012-06-07 23:21:37');
INSERT INTO `comment` VALUES ('402881e637c763540137c78974b0001c', '8adc828a3695d052013695d0b4e20001', '8adc82bd36d61cee0136d61e0e7d0001', '评论标题', '评论内容评论内容评论内容评论内容', '5', '2012-06-07 23:21:43');
INSERT INTO `comment` VALUES ('402881e637c763540137c789928d001d', '8adc828a3695d052013695d0b4e20001', '8adc82bd36d61cee0136d61e0e7d0001', '评论标题', '评论内容评论内容评论内容评论内容', '4', '2012-06-07 23:21:50');
INSERT INTO `comment` VALUES ('402881e637c763540137c789af25001e', '8adc828a3695d052013695d0b4e20001', '8adc82bd36d61cee0136d61e0e7d0001', '评论标题', '评论内容评论内容评论内容评论内容', '5', '2012-06-07 23:21:58');
INSERT INTO `comment` VALUES ('402881e637c763540137c789c86a001f', '8adc828a3695d052013695d0b4e20001', '8adc82bd36d61cee0136d61e0e7d0001', '评论标题', '评论内容评论内容评论内容评论内容', '5', '2012-06-07 23:22:04');
INSERT INTO `comment` VALUES ('402881e637c763540137c789e2100020', '8adc828a3695d052013695d0b4e20001', '8adc82bd36d61cee0136d61e0e7d0001', '评论标题', '评论内容评论内容评论内容评论内容', '5', '2012-06-07 23:22:11');
INSERT INTO `comment` VALUES ('402881e637c763540137c789fbee0021', '8adc828a3695d052013695d0b4e20001', '8adc82bd36d61cee0136d61e0e7d0001', '评论标题', '评论内容评论内容评论内容评论内容', '2', '2012-06-07 23:22:17');
INSERT INTO `comment` VALUES ('402881e637c797730137c797c72b0001', '8adc828a3695d052013695d0b4e20001', '8adc82bd36d61cee0136d61e0e7d0001', '评论标题', '评论内容评论内容评论内容评论内容', '5', '2012-06-07 23:37:22');
INSERT INTO `comment` VALUES ('402881e637c797730137c797e4330002', '8adc828a3695d052013695d0b4e20001', '8adc82bd36d61cee0136d61e0e7d0001', '评论标题', '评论内容评论内容评论内容评论内容', '5', '2012-06-07 23:37:29');
INSERT INTO `comment` VALUES ('402881e637c797730137c797fdea0003', '8adc828a3695d052013695d0b4e20001', '8adc82bd36d61cee0136d61e0e7d0001', '评论标题', '评论内容评论内容评论内容评论内容', '3', '2012-06-07 23:37:35');
INSERT INTO `comment` VALUES ('402881e637c797730137c7981d570004', '8adc828a3695d052013695d0b4e20001', '8adc82bd36d61cee0136d61e0e7d0001', '评论标题', '评论内容评论内容评论内容评论内容评论内容', '3', '2012-06-07 23:37:44');
INSERT INTO `comment` VALUES ('8adc82b537165bca0137166187ef0002', '8adc828a3695d052013695d0b4e20001', '8adc82bd36dd23ff0136dd254f200001', '评论标题', 'asdghhas', '5', '2012-05-05 13:01:32');
INSERT INTO `comment` VALUES ('8adc82b537165bca0137166214940003', '8adc828a3695d052013695d0b4e20001', '8adc82bd36d61cee0136d61e0e7d0001', '评论标题', '评论内容计算机网络评论内容计算机网络评论内容计算机网络评论内容计算机网络评论内容计算机网络评论内容计算机网络评论内容计算机网络评论内容计算机网络评论内容计算机网络评论内容计算机网络', '2', '2012-05-04 13:55:55');
INSERT INTO `comment` VALUES ('8adc82b53744abd1013745207f180001', '8adc828a3695d052013695d0b4e20001', '8adc82bd36dde9e00136de3d66f60003', '评论标题', '评论内容：评论内容：评论内容：评论内容：评论内容：评论内容：评论内容：评论内容：评论内容：评论内容：评论内容：评论内容：评论内容：评论内容：评论内容.', '5', '2012-05-13 15:36:26');
INSERT INTO `comment` VALUES ('8adc82b53744abd1013745214eb80002', '8adc828a3695d052013695d0b4e20001', '8adc82bd36dde9e00136de3d66f60003', '评论标题', '评论内容：评论内容：评论内容：评论内容：评论内容：评论内容：评论内容：评论内容：评论内容：评论内容：评论内容：评论内容：评论内容：评论内容：评论内容.', '5', '2012-05-13 15:37:19');
INSERT INTO `comment` VALUES ('8adc82b53744abd1013745217c770003', '8adc828a3695d052013695d0b4e20001', '8adc82bd36dde9e00136de3d66f60003', '评论标题', '评论内容：评论内容：评论内容：评论内容：评论内容：评论内容：评论内容：评论内容：评论内容：评论内容：评论内容：评论内容：评论内容：评论内容：评论内容.', '5', '2012-05-13 15:37:31');
INSERT INTO `comment` VALUES ('8adc82b53744abd10137452207b40004', '8adc828a3695d052013695d0b4e20001', '8adc82bd36dde9e00136de3d66f60003', '评论标题', '评论内容：评论内容：评论内容：评论内容：评论内容：评论内容：评论内容：评论内容：评论内容：评论内容：评论内容：评论内容：评论内容：评论内容：评论内容.', '5', '2012-05-13 15:38:07');
INSERT INTO `comment` VALUES ('8adc82b53744abd101374523f7cc0005', '8adc828a3695d052013695d0b4e20001', '8adc82bd36dde9e00136de3d66f60003', '评论标题', '评论内容：评论内容：评论内容：评论内容：评论内容：评论内容：评论内容：评论内容：评论内容：评论内容：评论内容：评论内容：评论内容：评论内容：评论内容.', '5', '2012-05-13 15:40:14');
INSERT INTO `comment` VALUES ('8adc82b53744abd101374525a4be0006', '8adc828a3695d052013695d0b4e20001', '8adc82bd36dde9e00136de3d66f60003', '评论标题', '评论内容：评论内容：评论内容：评论内容：评论内容：评论内容：评论内容：评论内容：评论内容：评论内容：评论内容：评论内容：评论内容：评论内容：评论内容.', '5', '2012-05-13 15:42:03');
INSERT INTO `comment` VALUES ('ff80808137348fd50137349929fe0007', '8adc828a3695d052013695d0b4e20001', '8adc82bd36d9d3640136d9d41c150001', 'wwwwwwwwww', 'szdvgadvadvdsdvs', '5', '2012-05-10 10:34:42');
INSERT INTO `comment` VALUES ('ff80808137659c240137663990f40001', '8adc828a3695d052013695d0b4e20001', '8adc82bd36d61cee0136d61e0e7d0001', '评论标题', 'dfhsdfhsdhdfs', '5', '2012-05-20 01:51:17');

-- ----------------------------
-- Table structure for `lowcategory`
-- ----------------------------
DROP TABLE IF EXISTS `lowcategory`;
CREATE TABLE `lowcategory` (
  `categoryid` varchar(32) NOT NULL,
  `name` varchar(50) NOT NULL DEFAULT '' COMMENT '二级图书类别名称',
  `parent` varchar(32) DEFAULT NULL COMMENT '父类别 id',
  PRIMARY KEY (`categoryid`),
  KEY `parent` (`parent`),
  CONSTRAINT `lowcategory_ibfk_1` FOREIGN KEY (`parent`) REFERENCES `topcategory` (`categoryid`) ON DELETE NO ACTION ON UPDATE NO ACTION
) ENGINE=InnoDB DEFAULT CHARSET=utf8 ROW_FORMAT=COMPACT;

-- ----------------------------
-- Records of lowcategory
-- ----------------------------
INSERT INTO `lowcategory` VALUES ('8adc82b53779ece701377a1a051f0001', '社会', '8adc82bd36cd9f050136cd9fa0ac0001');
INSERT INTO `lowcategory` VALUES ('8adc82b53779ece701377a1af9570002', '外语', 'ff80808136ce9d1c0136ce9da0ac0001');
INSERT INTO `lowcategory` VALUES ('8adc82b53779ece701377a1b241d0003', '考试', 'ff80808136ce9d1c0136ce9da0ac0001');
INSERT INTO `lowcategory` VALUES ('8adc82b53779ece701377a1ba9a50004', '益智', 'ff80808136ce9d1c0136cea2e7ec0002');
INSERT INTO `lowcategory` VALUES ('8adc82b53779ece701377a1bd45e0005', '图画书', 'ff80808136ce9d1c0136cea2e7ec0002');
INSERT INTO `lowcategory` VALUES ('8adc82b53779ece701377a1bf2910006', '科普', 'ff80808136ce9d1c0136cea2e7ec0002');
INSERT INTO `lowcategory` VALUES ('8adc82b53779ece701377a1c0cc10007', '文学', 'ff80808136ce9d1c0136cea2e7ec0002');
INSERT INTO `lowcategory` VALUES ('8adc82b53779ece701377a1d67690009', '文学', '8adc82b53779ece701377a1d442c0008');
INSERT INTO `lowcategory` VALUES ('8adc82b53779ece701377a1da55e000a', '传记', '8adc82b53779ece701377a1d442c0008');
INSERT INTO `lowcategory` VALUES ('8adc82b53779ece701377a1dc3c7000b', '艺术', '8adc82b53779ece701377a1d442c0008');
INSERT INTO `lowcategory` VALUES ('8adc82b53779ece701377a1de038000c', '摄影', '8adc82b53779ece701377a1d442c0008');
INSERT INTO `lowcategory` VALUES ('8adc82b53779ece701377a1e2e70000e', '青春文学', '8adc82b53779ece701377a1e0aee000d');
INSERT INTO `lowcategory` VALUES ('8adc82b53779ece701377a1e4bb5000f', '动漫', '8adc82b53779ece701377a1e0aee000d');
INSERT INTO `lowcategory` VALUES ('8adc82b53779ece701377a1e64a40010', '幽默', '8adc82b53779ece701377a1e0aee000d');
INSERT INTO `lowcategory` VALUES ('8adc82b53779ece701377a1ebbe20012', '修养', '8adc82b53779ece701377a1e9af50011');
INSERT INTO `lowcategory` VALUES ('8adc82b53779ece701377a1ede7e0013', '成功', '8adc82b53779ece701377a1e9af50011');
INSERT INTO `lowcategory` VALUES ('8adc82b53779ece701377a1f3e3e0014', '职场', '8adc82b53779ece701377a1e9af50011');
INSERT INTO `lowcategory` VALUES ('8adc82b53779ece701377a1f632f0015', '沟通', '8adc82b53779ece701377a1e9af50011');
INSERT INTO `lowcategory` VALUES ('8adc82b53779ece701377a1fb4db0017', '两性', '8adc82b53779ece701377a1f8fe50016');
INSERT INTO `lowcategory` VALUES ('8adc82b53779ece701377a1fd9740018', '孕期', '8adc82b53779ece701377a1f8fe50016');
INSERT INTO `lowcategory` VALUES ('8adc82b53779ece701377a201fb00019', '育儿', '8adc82b53779ece701377a1f8fe50016');
INSERT INTO `lowcategory` VALUES ('8adc82b53779ece701377a2059c8001a', '亲子关系', '8adc82b53779ece701377a1f8fe50016');
INSERT INTO `lowcategory` VALUES ('8adc82b53779ece701377a207b07001b', '保健', '8adc82b53779ece701377a1f8fe50016');
INSERT INTO `lowcategory` VALUES ('8adc82b53779ece701377a20b647001c', '运动', '8adc82b53779ece701377a1f8fe50016');
INSERT INTO `lowcategory` VALUES ('8adc82b53779ece701377a20e1c9001d', '美妆', '8adc82b53779ece701377a1f8fe50016');
INSERT INTO `lowcategory` VALUES ('8adc82b53779ece701377a211c03001e', '手工DIY', '8adc82b53779ece701377a1f8fe50016');
INSERT INTO `lowcategory` VALUES ('8adc82b53779ece701377a213d91001f', '美食', '8adc82b53779ece701377a1f8fe50016');
INSERT INTO `lowcategory` VALUES ('8adc82b53779ece701377a217b860020', '旅游', '8adc82b53779ece701377a1f8fe50016');
INSERT INTO `lowcategory` VALUES ('8adc82b53779ece701377a21abea0021', '休闲', '8adc82b53779ece701377a1f8fe50016');
INSERT INTO `lowcategory` VALUES ('8adc82b53779ece701377a2261170022', '家庭家居', '8adc82b53779ece701377a1f8fe50016');
INSERT INTO `lowcategory` VALUES ('8adc82b53779ece701377a2295b90023', '风水占卜', '8adc82b53779ece701377a1f8fe50016');
INSERT INTO `lowcategory` VALUES ('8adc82b53779ece701377a2305f00025', '历史', '8adc82b53779ece701377a22e39c0024');
INSERT INTO `lowcategory` VALUES ('8adc82b53779ece701377a232a640026', '古籍', '8adc82b53779ece701377a22e39c0024');
INSERT INTO `lowcategory` VALUES ('8adc82b53779ece701377a236c860027', '哲学/宗教', '8adc82b53779ece701377a22e39c0024');
INSERT INTO `lowcategory` VALUES ('8adc82b53779ece701377a23a86b0028', '社会科学', '8adc82b53779ece701377a22e39c0024');
INSERT INTO `lowcategory` VALUES ('8adc82b53779ece701377a2461cf0029', '文化', '8adc82b53779ece701377a22e39c0024');
INSERT INTO `lowcategory` VALUES ('8adc82b53779ece701377a2484d0002a', '政治/军事', '8adc82b53779ece701377a22e39c0024');
INSERT INTO `lowcategory` VALUES ('8adc82b53779ece701377a24b838002b', '法律', '8adc82b53779ece701377a22e39c0024');
INSERT INTO `lowcategory` VALUES ('8adc82b53779ece701377a261ec9002c', '法律', '8adc82b53779ece701377a22e39c0024');
INSERT INTO `lowcategory` VALUES ('8adc82b53779ece701377a269934002d', '心理学', '8adc82b53779ece701377a22e39c0024');
INSERT INTO `lowcategory` VALUES ('8adc82b53779ece701377a27dcd7002f', '经济', '8adc82b53779ece701377a275a6e002e');
INSERT INTO `lowcategory` VALUES ('8adc82b53779ece701377a2804b60030', '金融', '8adc82b53779ece701377a275a6e002e');
INSERT INTO `lowcategory` VALUES ('8adc82b53779ece701377a2843b00031', '营销', '8adc82b53779ece701377a275a6e002e');
INSERT INTO `lowcategory` VALUES ('8adc82b53779ece701377a287d1b0032', '会计', '8adc82b53779ece701377a275a6e002e');
INSERT INTO `lowcategory` VALUES ('8adc82b53779ece701377a28b9ea0033', '人力资源', '8adc82b53779ece701377a275a6e002e');
INSERT INTO `lowcategory` VALUES ('8adc82b53779ece701377a29160a0034', '创业', '8adc82b53779ece701377a275a6e002e');
INSERT INTO `lowcategory` VALUES ('8adc82b53779ece701377a29614a0035', '投资理财', '8adc82b53779ece701377a275a6e002e');
INSERT INTO `lowcategory` VALUES ('8adc82b53779ece701377a2b6f660036', '科普', '8adc82bd36d618eb0136d61afc460001');
INSERT INTO `lowcategory` VALUES ('8adc82b53779ece701377a2b8b1f0037', '建筑', '8adc82bd36d618eb0136d61afc460001');
INSERT INTO `lowcategory` VALUES ('8adc82b53779ece701377a2bb1770038', '医学', '8adc82bd36d618eb0136d61afc460001');
INSERT INTO `lowcategory` VALUES ('8adc82b53779ece701377a2c85540039', '农林', '8adc82bd36d618eb0136d61afc460001');
INSERT INTO `lowcategory` VALUES ('8adc82b53779ece701377a2cc7f4003a', '自然科学', '8adc82bd36d618eb0136d61afc460001');
INSERT INTO `lowcategory` VALUES ('8adc82b53779ece701377a2cf8f9003b', '工业', '8adc82bd36d618eb0136d61afc460001');
INSERT INTO `lowcategory` VALUES ('8adc82b53779ece701377a2d27c3003c', '通信', '8adc82bd36d618eb0136d61afc460001');
INSERT INTO `lowcategory` VALUES ('8adc82bd36d618eb0136d61b1eae0002', '计算机', '8adc82bd36d618eb0136d61afc460001');
INSERT INTO `lowcategory` VALUES ('ff80808136cec8f70136cec96da90001', '历史', '8adc82bd36cd9f050136cd9fa0ac0001');
INSERT INTO `lowcategory` VALUES ('ff80808136ced4830136ced74fde0001', '悬疑', '8adc82bd36cd9f050136cd9fa0ac0001');
INSERT INTO `lowcategory` VALUES ('ff80808136ced4830136ced979cb0002', '教材', 'ff80808136ce9d1c0136ce9da0ac0001');
INSERT INTO `lowcategory` VALUES ('ff80808136cf17d60136cf1cd6a90001', '言情', '8adc82bd36cd9f050136cd9fa0ac0001');

-- ----------------------------
-- Table structure for `orderitem`
-- ----------------------------
DROP TABLE IF EXISTS `orderitem`;
CREATE TABLE `orderitem` (
  `itemid` varchar(32) NOT NULL,
  `orderid` varchar(32) NOT NULL COMMENT '订单id',
  `bookid` varchar(32) NOT NULL COMMENT '图书id',
  `price` decimal(8,2) DEFAULT NULL COMMENT '图书销售价格',
  `discount` int(3) DEFAULT NULL COMMENT '折扣(例如：76折)',
  `quantity` int(11) DEFAULT '1' COMMENT '数量',
  `iscommented` int(1) DEFAULT '0' COMMENT '是否评价(1：是；0：否）',
  PRIMARY KEY (`itemid`),
  KEY `orderid` (`orderid`),
  KEY `bookid` (`bookid`),
  CONSTRAINT `orderitem_ibfk_1` FOREIGN KEY (`orderid`) REFERENCES `orders` (`orderid`) ON DELETE NO ACTION ON UPDATE NO ACTION,
  CONSTRAINT `orderitem_ibfk_2` FOREIGN KEY (`bookid`) REFERENCES `book` (`bookid`) ON DELETE NO ACTION ON UPDATE NO ACTION
) ENGINE=InnoDB DEFAULT CHARSET=utf8;

-- ----------------------------
-- Records of orderitem
-- ----------------------------
INSERT INTO `orderitem` VALUES ('402881e6370ccd7d01370cce9d670002', 'ff80808136fc86f60136fc87559f0001', '8adc82bd36dd23ff0136dd254f200001', null, null, '1', '1');
INSERT INTO `orderitem` VALUES ('402881e6370ccd7d01370cceff4c0005', '402881e6370ccd7d01370cceff4b0004', '8adc82bd36d61cee0136d61e0e7d0001', null, null, '1', '1');
INSERT INTO `orderitem` VALUES ('402881e63746f0290137472659220002', '402881e63746f0290137472659160001', '8adc82b537354fe801373553dabd0001', '26.60', '70', '1', '0');
INSERT INTO `orderitem` VALUES ('402881e63746f0290137472705830004', '402881e63746f0290137472705830003', '8adc82b537354fe801373553dabd0001', '26.60', '70', '1', '0');
INSERT INTO `orderitem` VALUES ('402881e63746f029013747270a9e0006', '402881e63746f029013747270a9d0005', '8adc82b537354fe801373553dabd0001', '26.60', '70', '1', '0');
INSERT INTO `orderitem` VALUES ('402881e63746f0290137472756c00008', '402881e63746f0290137472756c00007', '8adc82b537354fe801373553dabd0001', '26.60', '70', '1', '0');
INSERT INTO `orderitem` VALUES ('402881e63746f029013747278d06000a', '402881e63746f029013747278d060009', '8adc82b537354fe801373553dabd0001', '26.60', '70', '1', '0');
INSERT INTO `orderitem` VALUES ('402881e63746f02901374737296b000c', '402881e63746f029013747372967000b', '8adc82b537354fe801373553dabd0001', '26.60', '70', '1', '0');
INSERT INTO `orderitem` VALUES ('402881e6374f16cc01374f18b0720002', '402881e6374f16cc01374f18b05d0001', '8adc82b537354fe801373553dabd0001', '26.60', '70', '3', '1');
INSERT INTO `orderitem` VALUES ('402881e6374f16cc01374f25eaa5000a', '402881e6374f16cc01374f25eaa20009', '8adc82bd36d61cee0136d61e0e7d0001', '26.60', '70', '1', '1');
INSERT INTO `orderitem` VALUES ('402881e6374f16cc01374f2625d6000c', '402881e6374f16cc01374f2625d5000b', '8adc82bd36d61cee0136d61e0e7d0001', '26.60', '70', '1', '1');
INSERT INTO `orderitem` VALUES ('402881e6374f16cc01374f2641bb000e', '402881e6374f16cc01374f2641a6000d', '8adc82bd36d61cee0136d61e0e7d0001', '26.60', '70', '1', '1');
INSERT INTO `orderitem` VALUES ('402881e6374f16cc01374f265a3f0010', '402881e6374f16cc01374f265a3e000f', '8adc82bd36d61cee0136d61e0e7d0001', '26.60', '70', '1', '1');
INSERT INTO `orderitem` VALUES ('402881e6374f16cc01374f2c9f5d0012', '402881e6374f16cc01374f2c9f5d0011', '8adc82bd36d61cee0136d61e0e7d0001', '26.60', '70', '1', '1');
INSERT INTO `orderitem` VALUES ('402881e6374f16cc01374f314de60014', '402881e6374f16cc01374f314de60013', '8adc82bd36d61cee0136d61e0e7d0001', '26.60', '70', '1', '1');
INSERT INTO `orderitem` VALUES ('402881e6374f16cc01374f32df6a0016', '402881e6374f16cc01374f32df690015', '8adc82bd36d61cee0136d61e0e7d0001', '26.60', '70', '1', '1');
INSERT INTO `orderitem` VALUES ('402881e6374f16cc01374f32f53d0018', '402881e6374f16cc01374f32f53d0017', '8adc82bd36d61cee0136d61e0e7d0001', '26.60', '70', '1', '1');
INSERT INTO `orderitem` VALUES ('402881e6374f16cc01374f33457e001a', '402881e6374f16cc01374f33457d0019', '8adc82bd36d61cee0136d61e0e7d0001', '26.60', '70', '1', '1');
INSERT INTO `orderitem` VALUES ('402881e6374f16cc01374f33824b001c', '402881e6374f16cc01374f33824b001b', '8adc82bd36d61cee0136d61e0e7d0001', '26.60', '70', '1', '1');
INSERT INTO `orderitem` VALUES ('402881e6374f16cc01374f33db09001e', '402881e6374f16cc01374f33db09001d', '8adc82bd36d61cee0136d61e0e7d0001', '26.60', '70', '1', '1');
INSERT INTO `orderitem` VALUES ('402881e6374f16cc01374f33ddc50020', '402881e6374f16cc01374f33ddc5001f', '8adc82bd36d61cee0136d61e0e7d0001', '26.60', '70', '1', '1');
INSERT INTO `orderitem` VALUES ('402881e6374f16cc01374f33e78d0022', '402881e6374f16cc01374f33e78d0021', '8adc82bd36d61cee0136d61e0e7d0001', '26.60', '70', '1', '1');
INSERT INTO `orderitem` VALUES ('402881e6374f16cc01374f33e9cf0024', '402881e6374f16cc01374f33e9cf0023', '8adc82bd36d61cee0136d61e0e7d0001', '26.60', '70', '1', '1');
INSERT INTO `orderitem` VALUES ('402881e6374f16cc01374f33ece20026', '402881e6374f16cc01374f33ece20025', '8adc82bd36d61cee0136d61e0e7d0001', '26.60', '70', '1', '1');
INSERT INTO `orderitem` VALUES ('402881e6374f16cc01374f33ee660028', '402881e6374f16cc01374f33ee660027', '8adc82bd36d61cee0136d61e0e7d0001', '26.60', '70', '1', '1');
INSERT INTO `orderitem` VALUES ('402881e6374f16cc01374f33f021002a', '402881e6374f16cc01374f33f0210029', '8adc82bd36d61cee0136d61e0e7d0001', '26.60', '70', '1', '1');
INSERT INTO `orderitem` VALUES ('402881e6374f16cc01374f33f25a002c', '402881e6374f16cc01374f33f25a002b', '8adc82bd36d61cee0136d61e0e7d0001', '26.60', '70', '1', '1');
INSERT INTO `orderitem` VALUES ('402881e6374f16cc01374f33f355002e', '402881e6374f16cc01374f33f354002d', '8adc82bd36d61cee0136d61e0e7d0001', '26.60', '70', '1', '1');
INSERT INTO `orderitem` VALUES ('402881e6374f16cc01374f34665c0030', '402881e6374f16cc01374f34665c002f', '8adc82bd36d61cee0136d61e0e7d0001', '26.60', '70', '1', '1');
INSERT INTO `orderitem` VALUES ('402881e6374f16cc01374f34abbf0032', '402881e6374f16cc01374f34abbf0031', '8adc82bd36d61cee0136d61e0e7d0001', '26.60', '70', '1', '1');
INSERT INTO `orderitem` VALUES ('402881e6374f16cc01374f34e0d70034', '402881e6374f16cc01374f34e0d70033', '8adc82bd36d61cee0136d61e0e7d0001', '26.60', '70', '1', '1');
INSERT INTO `orderitem` VALUES ('402881e6374f16cc01374f3502300036', '402881e6374f16cc01374f35022f0035', '8adc82bd36d61cee0136d61e0e7d0001', '26.60', '70', '1', '1');
INSERT INTO `orderitem` VALUES ('402881e6374f16cc01374f3504710038', '402881e6374f16cc01374f3504710037', '8adc82bd36d61cee0136d61e0e7d0001', '26.60', '70', '1', '1');
INSERT INTO `orderitem` VALUES ('402881e6374f16cc01374f350521003a', '402881e6374f16cc01374f3505210039', '8adc82bd36d61cee0136d61e0e7d0001', '26.60', '70', '1', '0');
INSERT INTO `orderitem` VALUES ('402881e6374f16cc01374f364cf1003c', '402881e6374f16cc01374f364cf0003b', '8adc82bd36d61cee0136d61e0e7d0001', '26.60', '70', '1', '0');
INSERT INTO `orderitem` VALUES ('402881e6374f16cc01374f37e4a4003f', '402881e6374f16cc01374f37e4a3003e', '8adc82b537354fe801373553dabd0001', '26.60', '70', '1', '0');
INSERT INTO `orderitem` VALUES ('402881e6374f16cc01374f37e4a40040', '402881e6374f16cc01374f37e4a3003e', '8adc82bd36dd23ff0136dd254f200001', '26.60', '70', '3', '0');
INSERT INTO `orderitem` VALUES ('402881e6374f16cc01374f37e4a40041', '402881e6374f16cc01374f37e4a3003e', '8adc82bd36d61cee0136d61e0e7d0001', '26.60', '70', '1', '0');
INSERT INTO `orderitem` VALUES ('402881e6374f16cc01374f37e4a40042', '402881e6374f16cc01374f37e4a3003e', '8adc82bd36d9c21f0136d9c2f3900001', '26.60', '70', '1', '0');
INSERT INTO `orderitem` VALUES ('402881e6374f16cc01374f3a5b960045', '402881e6374f16cc01374f3a5b960044', '8adc82bd36dd23ff0136dd254f200001', '26.60', '70', '1', '0');
INSERT INTO `orderitem` VALUES ('402881e637c763540137c77513020011', '402881e637c763540137c77513010010', '8adc82bd36d9d3640136d9d41c150001', '48.30', '70', '2', '0');
INSERT INTO `orderitem` VALUES ('402881e637c763540137c77513020012', '402881e637c763540137c77513010010', '8adc82b537354fe80137355569c40002', '29.00', '74', '1', '0');
INSERT INTO `orderitem` VALUES ('402881e637c797730137c79c90a60008', '402881e637c797730137c79c90a60007', '8adc82bd36d6339a0136d634a2100001', '68.80', '70', '5', '0');
INSERT INTO `orderitem` VALUES ('8adc82b5372183360137219648970002', '8adc82b5372183360137219648910001', '8adc82bd36d61cee0136d61e0e7d0001', '26.60', '70', '1', '1');
INSERT INTO `orderitem` VALUES ('8adc82b53725e214013725e372a40002', '8adc82b53725e214013725e3729c0001', 'ff8080813722574c0137226064420001', '26.60', '70', '1', '1');
INSERT INTO `orderitem` VALUES ('8adc82b537261f2f01372621113b0003', '8adc82b537261f2f01372621113a0002', '8adc82bd36dd23ff0136dd254f200001', '26.60', '70', '2', '1');
INSERT INTO `orderitem` VALUES ('8adc82b537261f2f01372621113b0004', '8adc82b537261f2f01372621113a0002', '8adc82bd36d9d3640136d9d41c150001', '26.60', '70', '3', '1');
INSERT INTO `orderitem` VALUES ('8adc82b5375f266701375f29263f0002', '8adc82b5375f266701375f29263b0001', '8adc82bd36d9c21f0136d9c2f3900001', '26.60', '70', '1', '0');
INSERT INTO `orderitem` VALUES ('8adc82b5375f266701375f29263f0003', '8adc82b5375f266701375f29263b0001', '8adc82bd36d61cee0136d61e0e7d0001', '26.60', '70', '1', '0');
INSERT INTO `orderitem` VALUES ('8adc82b5375f3a0b01375f3a72cd0002', '8adc82b5375f3a0b01375f3a72c30001', '8adc82b537354fe801373553dabd0001', '26.60', '70', '1', '0');
INSERT INTO `orderitem` VALUES ('8adc82b5375f428a01375f43073b0002', '8adc82b5375f428a01375f43072c0001', '8adc82b537354fe801373553dabd0001', '26.60', '70', '3', '0');
INSERT INTO `orderitem` VALUES ('8adc82b5376914ea0137692541c70002', '8adc82b5376914ea0137692541b20001', '8adc82bd36d61cee0136d61e0e7d0001', '26.60', '70', '1', '0');
INSERT INTO `orderitem` VALUES ('8adc82b537a1e2ef0137a2ad19dc0003', '8adc82b537a1e2ef0137a2ad19db0002', '8adc82bd36d61cee0136d61e0e7d0001', '24.50', '70', '7', '0');
INSERT INTO `orderitem` VALUES ('8adc82b537a1e2ef0137a2ad19dc0004', '8adc82b537a1e2ef0137a2ad19db0002', '8adc82bd36dd23ff0136dd254f200001', '81.00', '75', '5', '0');
INSERT INTO `orderitem` VALUES ('8adc82b537a1e2ef0137a2ad19dc0005', '8adc82b537a1e2ef0137a2ad19db0002', '8adc82bd36d9d3640136d9d41c150001', '48.30', '70', '6', '0');
INSERT INTO `orderitem` VALUES ('8adc82b537a1e2ef0137a2b0154e0009', '8adc82b537a1e2ef0137a2b0154e0008', '8adc82bd36d61cee0136d61e0e7d0001', '24.50', '70', '1', '0');
INSERT INTO `orderitem` VALUES ('ff80808136fc86f60136fc8755b20002', 'ff80808136fc86f60136fc87559f0001', '8adc82bd36d61cee0136d61e0e7d0001', '26.60', '70', '2', '1');
INSERT INTO `orderitem` VALUES ('ff80808136fc86f60136fc8755b20003', 'ff80808136fc86f60136fc87559f0001', '8adc82bd36d9d3640136d9d41c150001', '26.60', '70', '3', '1');
INSERT INTO `orderitem` VALUES ('ff80808136fc8b9f0136fc8dc6f60004', 'ff80808136fc8b9f0136fc8dc6f00003', '8adc82bd36d61cee0136d61e0e7d0001', '26.60', '70', '2', '1');
INSERT INTO `orderitem` VALUES ('ff80808136fc8b9f0136fc8dc6f60005', 'ff80808136fc8b9f0136fc8dc6f00003', '8adc82bd36d9c21f0136d9c2f3900001', '26.60', '70', '4', '1');
INSERT INTO `orderitem` VALUES ('ff80808136fca1af0136fca24d960002', 'ff80808136fca1af0136fca24d840001', '8adc82bd36d61cee0136d61e0e7d0001', '26.60', '70', '3', '1');
INSERT INTO `orderitem` VALUES ('ff80808136fcc4010136fcddc96e0002', 'ff80808136fcc4010136fcddc95a0001', '8adc82bd36d9c21f0136d9c2f3900001', '26.60', '70', '3', '1');
INSERT INTO `orderitem` VALUES ('ff80808136fcc4010136fcddc96f0003', 'ff80808136fcc4010136fcddc95a0001', '8adc82bd36d9d3640136d9d41c150001', '26.60', '70', '6', '1');
INSERT INTO `orderitem` VALUES ('ff80808136fd028d0136fd0be7140002', 'ff80808136fd028d0136fd0be7070001', '8adc82bd36dde9e00136de3cf4cb0002', '26.60', '70', '3', '1');
INSERT INTO `orderitem` VALUES ('ff80808136feb2650136febca23e0002', 'ff80808136feb2650136febca21a0001', '8adc82bd36dde9e00136de3d66f60003', '26.60', '70', '3', '1');
INSERT INTO `orderitem` VALUES ('ff80808136feb2650136febfdb700004', 'ff80808136feb2650136febfdb700003', '8adc82bd36dde9e00136de3d66f60003', '26.60', '70', '3', '0');
INSERT INTO `orderitem` VALUES ('ff80808136feb2650136fec0314b0006', 'ff80808136feb2650136fec0314b0005', '8adc82bd36dde9e00136de3d66f60003', '26.60', '70', '3', '1');
INSERT INTO `orderitem` VALUES ('ff808081370381d7013703825feb0002', 'ff808081370381d7013703825fdb0001', '8adc82bd36dde9e00136de3d66f60003', '26.60', '70', '1', '1');
INSERT INTO `orderitem` VALUES ('ff808081370381d7013703825fec0003', 'ff808081370381d7013703825fdb0001', '8adc82bd36d61cee0136d61e0e7d0001', '26.60', '70', '1', '1');
INSERT INTO `orderitem` VALUES ('ff808081370381d7013703825fec0004', 'ff808081370381d7013703825fdb0001', '8adc82bd36d9c21f0136d9c2f3900001', '26.60', '70', '1', '1');
INSERT INTO `orderitem` VALUES ('ff808081370381d7013703825fec0005', 'ff808081370381d7013703825fdb0001', '8adc82bd36d6339a0136d634a2100001', '26.60', '70', '1', '1');
INSERT INTO `orderitem` VALUES ('ff808081370381d7013703825fec0006', 'ff808081370381d7013703825fdb0001', '8adc82bd36d9d3640136d9d41c150001', '26.60', '70', '1', '0');
INSERT INTO `orderitem` VALUES ('ff808081370381d701370383137e0008', 'ff808081370381d701370383137d0007', '8adc82bd36dd23ff0136dd254f200001', '26.60', '70', '4', '0');
INSERT INTO `orderitem` VALUES ('ff80808137348fd5013734966b5f0004', 'ff80808137348fd5013734966b5f0003', '8adc82bd36dde9e00136de3d66f60003', '26.60', '70', '1', '1');
INSERT INTO `orderitem` VALUES ('ff80808137348fd5013734966b5f0005', 'ff80808137348fd5013734966b5f0003', '8adc82bd36d9d3640136d9d41c150001', '26.60', '70', '1', '1');
INSERT INTO `orderitem` VALUES ('ff80808137348fd5013734966b5f0006', 'ff80808137348fd5013734966b5f0003', '8adc82bd36d9c21f0136d9c2f3900001', '26.60', '70', '1', '1');
INSERT INTO `orderitem` VALUES ('ff808081374b4dac01374b7a09220003', 'ff808081374b4dac01374b7a09210002', '8adc82b537354fe801373553dabd0001', '26.60', '70', '1', '0');
INSERT INTO `orderitem` VALUES ('ff808081376bd58d01376bd7898b0002', 'ff808081376bd58d01376bd789810001', '8adc82bd36dde9e00136de3d66f60003', '26.60', '70', '3', '0');
INSERT INTO `orderitem` VALUES ('ff808081376bd58d01376bd7898b0003', 'ff808081376bd58d01376bd789810001', '8adc82bd36d61cee0136d61e0e7d0001', '26.60', '70', '12', '0');
INSERT INTO `orderitem` VALUES ('ff808081376bd58d01376bdae0d5000c', 'ff808081376bd58d01376bdae0d4000b', '8adc82bd36d61cee0136d61e0e7d0001', '26.60', '70', '11', '0');

-- ----------------------------
-- Table structure for `orders`
-- ----------------------------
DROP TABLE IF EXISTS `orders`;
CREATE TABLE `orders` (
  `orderid` varchar(32) NOT NULL COMMENT '订单id',
  `ordernumber` varchar(14) DEFAULT NULL COMMENT '订单号',
  `userid` varchar(32) NOT NULL COMMENT '用户id',
  `count` int(11) DEFAULT NULL COMMENT '订单图书数量',
  `totalprice` decimal(8,2) DEFAULT NULL COMMENT '订单总额',
  `recipientid` varchar(32) DEFAULT NULL COMMENT '收货人信息',
  `createtime` timestamp NULL DEFAULT CURRENT_TIMESTAMP COMMENT '订单生成时间',
  `deliverytime` datetime DEFAULT NULL COMMENT '发货时间',
  `status` int(1) DEFAULT '1' COMMENT '订单状态（1：未发货；2：已发货；3：已完成）',
  PRIMARY KEY (`orderid`),
  KEY `userid` (`userid`),
  KEY `recipientid` (`recipientid`),
  CONSTRAINT `orders_ibfk_1` FOREIGN KEY (`userid`) REFERENCES `user` (`userid`) ON DELETE NO ACTION ON UPDATE NO ACTION,
  CONSTRAINT `orders_ibfk_2` FOREIGN KEY (`recipientid`) REFERENCES `recipient` (`recipientid`) ON DELETE NO ACTION ON UPDATE NO ACTION
) ENGINE=InnoDB DEFAULT CHARSET=utf8;

-- ----------------------------
-- Records of orders
-- ----------------------------
INSERT INTO `orders` VALUES ('402881e6370ccd7d01370cceff4b0004', 'A6121058025337', '8adc828a3695d052013695d0b4e20001', '1', '26.00', '402881e636f2dc220136f2e166cc0002', '2012-05-05 01:08:41', '2012-05-15 14:20:47', '3');
INSERT INTO `orders` VALUES ('402881e63746f0290137472659160001', 'A3125056146550', '8adc82b53745735d01374599f0760004', '1', '26.60', '402881e63746ea0e013746ec2c500002', '2012-05-14 01:02:04', '2012-05-15 14:20:49', '2');
INSERT INTO `orders` VALUES ('402881e63746f0290137472705830003', 'A7128053142365', '8adc82b53745735d01374599f0760004', '1', '26.60', '402881e63746ea0e013746ec2c500002', '2012-05-14 01:02:48', '2012-05-15 14:20:50', '2');
INSERT INTO `orders` VALUES ('402881e63746f029013747270a9d0005', 'A5128058147329', '8adc82b53745735d01374599f0760004', '1', '26.60', '402881e63746ea0e013746ec2c500002', '2012-05-14 01:02:50', '2012-05-15 14:20:52', '2');
INSERT INTO `orders` VALUES ('402881e63746f0290137472756c00007', 'A112705714920', '8adc82b53745735d01374599f0760004', '1', '26.60', '402881e63746ea0e013746ec2c500002', '2012-05-14 01:03:09', '2012-05-15 14:20:54', '2');
INSERT INTO `orders` VALUES ('402881e63746f029013747278d060009', 'A7128058145171', '8adc82b53745735d01374599f0760004', '1', '26.60', '402881e63746ea0e013746ec2c500002', '2012-05-14 01:03:23', '2012-05-15 14:20:56', '2');
INSERT INTO `orders` VALUES ('402881e63746f029013747372967000b', 'A1126057146887', '8adc82b53745735d01374599f0760004', '1', '26.60', '402881e63746ea0e013746ec2c500002', '2012-05-14 01:20:26', '2012-05-15 14:20:57', '2');
INSERT INTO `orders` VALUES ('402881e6374f16cc01374f18b05d0001', 'A5124057156586', '8adc828a3695d052013695d0b4e20001', '1', '79.80', '402881e636f314b00136f315c2da0001', '2012-05-15 14:04:07', '2012-05-15 14:20:58', '3');
INSERT INTO `orders` VALUES ('402881e6374f16cc01374f25eaa20009', 'A1127058159742', '8adc828a3695d052013695d0b4e20001', '1', '26.60', '402881e636f2dc220136f2e166cc0002', '2012-05-15 14:18:34', '2012-05-15 14:20:59', '3');
INSERT INTO `orders` VALUES ('402881e6374f16cc01374f2625d5000b', 'A6127057155328', '8adc828a3695d052013695d0b4e20001', '1', '26.60', '402881e636f2dc220136f2e166cc0002', '2012-05-15 14:18:49', '2012-05-15 14:20:39', '3');
INSERT INTO `orders` VALUES ('402881e6374f16cc01374f2641a6000d', 'A2121057158347', '8adc828a3695d052013695d0b4e20001', '1', '26.60', '402881e636f2dc220136f2e166cc0002', '2012-05-15 14:18:56', '2012-05-15 14:21:00', '3');
INSERT INTO `orders` VALUES ('402881e6374f16cc01374f265a3e000f', 'A4125054151173', '8adc828a3695d052013695d0b4e20001', '1', '26.60', '402881e636f2dc220136f2e166cc0002', '2012-05-15 14:19:02', '2012-05-15 14:21:01', '3');
INSERT INTO `orders` VALUES ('402881e6374f16cc01374f2c9f5d0011', 'A0121058154853', '8adc828a3695d052013695d0b4e20001', '1', '26.60', '402881e636f2dc220136f2e166cc0002', '2012-05-15 14:25:53', '2012-05-20 01:36:51', '3');
INSERT INTO `orders` VALUES ('402881e6374f16cc01374f314de60013', 'A2127050157050', '8adc828a3695d052013695d0b4e20001', '1', '26.60', '402881e636f2dc220136f2e166cc0002', '2012-05-15 14:31:00', '2012-06-07 23:11:43', '3');
INSERT INTO `orders` VALUES ('402881e6374f16cc01374f32df690015', 'A4126052151536', '8adc828a3695d052013695d0b4e20001', '1', '26.60', '402881e636f2dc220136f2e166cc0002', '2012-05-15 14:32:43', '2012-06-07 23:11:45', '3');
INSERT INTO `orders` VALUES ('402881e6374f16cc01374f32f53d0017', 'A1127058152970', '8adc828a3695d052013695d0b4e20001', '1', '26.60', '402881e636f2dc220136f2e166cc0002', '2012-05-15 14:32:48', '2012-06-07 23:11:47', '3');
INSERT INTO `orders` VALUES ('402881e6374f16cc01374f33457d0019', 'A8128051158053', '8adc828a3695d052013695d0b4e20001', '1', '26.60', '402881e636f2dc220136f2e166cc0002', '2012-05-15 14:33:09', '2012-06-07 23:11:49', '3');
INSERT INTO `orders` VALUES ('402881e6374f16cc01374f33824b001b', 'A7124053154501', '8adc828a3695d052013695d0b4e20001', '1', '26.60', '402881e636f2dc220136f2e166cc0002', '2012-05-15 14:33:24', '2012-06-07 23:11:50', '3');
INSERT INTO `orders` VALUES ('402881e6374f16cc01374f33db09001d', 'A8128054155076', '8adc828a3695d052013695d0b4e20001', '1', '26.60', '402881e636f2dc220136f2e166cc0002', '2012-05-15 14:33:47', '2012-06-07 23:11:53', '3');
INSERT INTO `orders` VALUES ('402881e6374f16cc01374f33ddc5001f', 'A1122057158777', '8adc828a3695d052013695d0b4e20001', '1', '26.60', '402881e636f2dc220136f2e166cc0002', '2012-05-15 14:33:48', '2012-06-07 23:11:55', '3');
INSERT INTO `orders` VALUES ('402881e6374f16cc01374f33e78d0021', 'A5122053153052', '8adc828a3695d052013695d0b4e20001', '1', '26.60', '402881e636f2dc220136f2e166cc0002', '2012-05-15 14:33:50', '2012-06-07 23:11:58', '3');
INSERT INTO `orders` VALUES ('402881e6374f16cc01374f33e9cf0023', 'A5124056159102', '8adc828a3695d052013695d0b4e20001', '1', '26.60', '402881e636f2dc220136f2e166cc0002', '2012-05-15 14:33:51', '2012-06-07 23:12:00', '3');
INSERT INTO `orders` VALUES ('402881e6374f16cc01374f33ece20025', 'A1126055158180', '8adc828a3695d052013695d0b4e20001', '1', '26.60', '402881e636f2dc220136f2e166cc0002', '2012-05-15 14:33:52', '2012-06-07 23:12:02', '3');
INSERT INTO `orders` VALUES ('402881e6374f16cc01374f33ee660027', 'A4128053153155', '8adc828a3695d052013695d0b4e20001', '1', '26.60', '402881e636f2dc220136f2e166cc0002', '2012-05-15 14:33:52', '2012-06-07 23:12:05', '3');
INSERT INTO `orders` VALUES ('402881e6374f16cc01374f33f0210029', 'A712805415835', '8adc828a3695d052013695d0b4e20001', '1', '26.60', '402881e636f2dc220136f2e166cc0002', '2012-05-15 14:33:52', '2012-06-07 23:12:03', '3');
INSERT INTO `orders` VALUES ('402881e6374f16cc01374f33f25a002b', 'A8123052157076', '8adc828a3695d052013695d0b4e20001', '1', '26.60', '402881e636f2dc220136f2e166cc0002', '2012-05-15 14:33:53', '2012-06-07 23:12:07', '3');
INSERT INTO `orders` VALUES ('402881e6374f16cc01374f33f354002d', 'A8122052158917', '8adc828a3695d052013695d0b4e20001', '1', '26.60', '402881e636f2dc220136f2e166cc0002', '2012-05-15 14:33:53', '2012-06-07 23:12:09', '3');
INSERT INTO `orders` VALUES ('402881e6374f16cc01374f34665c002f', 'A012205815527', '8adc828a3695d052013695d0b4e20001', '1', '26.60', '402881e636f2dc220136f2e166cc0002', '2012-05-15 14:34:23', '2012-06-07 23:12:11', '3');
INSERT INTO `orders` VALUES ('402881e6374f16cc01374f34abbf0031', 'A7127051158758', '8adc828a3695d052013695d0b4e20001', '1', '26.60', '402881e636f2dc220136f2e166cc0002', '2012-05-15 14:34:40', '2012-06-07 23:12:12', '3');
INSERT INTO `orders` VALUES ('402881e6374f16cc01374f34e0d70033', 'A7123058157516', '8adc828a3695d052013695d0b4e20001', '1', '26.60', '402881e636f2dc220136f2e166cc0002', '2012-05-15 14:34:54', '2012-06-07 23:12:14', '3');
INSERT INTO `orders` VALUES ('402881e6374f16cc01374f35022f0035', 'A1120051151137', '8adc828a3695d052013695d0b4e20001', '1', '26.60', '402881e636f2dc220136f2e166cc0002', '2012-05-15 14:35:03', '2012-06-07 23:12:18', '3');
INSERT INTO `orders` VALUES ('402881e6374f16cc01374f3504710037', 'A412505015730', '8adc828a3695d052013695d0b4e20001', '1', '26.60', '402881e636f2dc220136f2e166cc0002', '2012-05-15 14:35:03', '2012-06-07 23:12:20', '3');
INSERT INTO `orders` VALUES ('402881e6374f16cc01374f3505210039', 'A7127058159902', '8adc828a3695d052013695d0b4e20001', '1', '26.60', '402881e636f2dc220136f2e166cc0002', '2012-05-15 14:35:03', '2012-06-07 23:12:22', '2');
INSERT INTO `orders` VALUES ('402881e6374f16cc01374f364cf0003b', 'A2126056159262', '8adc828a3695d052013695d0b4e20001', '1', '26.60', '8adc82b53716c939013716c9ebb60002', '2012-05-15 14:36:27', null, '1');
INSERT INTO `orders` VALUES ('402881e6374f16cc01374f37e4a3003e', 'A0120056153898', '8adc828a3695d052013695d0b4e20001', '4', '159.60', '402881e636f2dc220136f2e166cc0002', '2012-05-15 14:38:12', null, '1');
INSERT INTO `orders` VALUES ('402881e6374f16cc01374f3a5b960044', 'A4120050153575', '8adc828a3695d052013695d0b4e20001', '1', '26.60', '402881e636f2dc220136f2e166cc0002', '2012-05-15 14:40:53', null, '1');
INSERT INTO `orders` VALUES ('402881e637c763540137c77513010010', 'A8123064078123', '8adc828a3695d052013695d0b4e20001', '2', '125.60', '8adc82b537c72b110137c743841d0002', '2012-06-07 22:59:27', null, '1');
INSERT INTO `orders` VALUES ('402881e637c797730137c79c90a60007', 'A5123063077575', '8adc828a3695d052013695d0b4e20001', '1', '344.00', '8adc82b537c72b110137c743841d0002', '2012-06-07 23:42:35', null, '1');
INSERT INTO `orders` VALUES ('8adc82b5372183360137219648910001', 'A8127054064743', '8adc828a3695d052013695d0b4e20001', '1', '26.60', '8adc82b53716c939013716c9ebb60002', '2012-05-06 17:58:46', '2012-05-15 14:21:10', '3');
INSERT INTO `orders` VALUES ('8adc82b53725e214013725e3729c0001', 'A8124054078246', '8adc828a3695d052013695d0b4e20001', '1', '26.60', 'ff80808136fbd8560136fbfa42910001', '2012-05-07 14:01:32', '2012-05-15 14:21:11', '3');
INSERT INTO `orders` VALUES ('8adc82b537261f2f01372621113a0002', 'A5120051079214', '8adc828a3695d052013695d0b4e20001', '2', '133.00', '8adc82b537261f2f01372620dc780001', '2012-05-07 15:08:50', '2012-05-15 14:21:14', '3');
INSERT INTO `orders` VALUES ('8adc82b5375f266701375f29263b0001', 'A6122058186082', '8adc828a3695d052013695d0b4e20001', '2', '53.20', '8adc82b537261f2f01372620dc780001', '2012-05-18 16:56:01', null, '1');
INSERT INTO `orders` VALUES ('8adc82b5375f3a0b01375f3a72c30001', 'A2122054187008', '8adc828a3695d052013695d0b4e20001', '1', '26.60', '402881e636f2dc220136f2e166cc0002', '2012-05-18 17:14:55', null, '1');
INSERT INTO `orders` VALUES ('8adc82b5375f428a01375f43072c0001', 'A1127055186967', '8adc828a3695d052013695d0b4e20001', '1', '79.80', '402881e636f2dc220136f2e166cc0002', '2012-05-18 17:24:17', null, '1');
INSERT INTO `orders` VALUES ('8adc82b5376914ea0137692541b20001', 'A6121053207603', '8adc828a3695d052013695d0b4e20001', '1', '26.60', '402881e636f2dc220136f2e166cc0002', '2012-05-20 15:27:58', null, '1');
INSERT INTO `orders` VALUES ('8adc82b537a1e2ef0137a2ad19db0002', 'A1127056317704', '8adc828a3695d052013695d0b4e20001', '3', '866.30', '8adc82b537a1e2ef0137a2ad00ac0001', '2012-05-31 19:34:42', null, '1');
INSERT INTO `orders` VALUES ('8adc82b537a1e2ef0137a2b0154e0008', 'A2124050313363', '8adc828a3695d052013695d0b4e20001', '1', '24.50', '8adc82b537a1e2ef0137a2b004ab0007', '2012-05-31 19:37:57', null, '1');
INSERT INTO `orders` VALUES ('ff80808136fc86f60136fc87559f0001', 'A3120044296484', '8adc828a3695d052013695d0b4e20001', '2', '158.40', '402881e636f2dc220136f2e166cc0002', '2012-05-01 13:16:29', '2012-05-01 00:00:00', '3');
INSERT INTO `orders` VALUES ('ff80808136fc8b9f0136fc8dc6f00003', 'A2126044295367', '8adc828a3695d052013695d0b4e20001', '2', '158.40', '402881e636f2dc220136f2e166cc0002', '2012-05-01 13:23:31', '2012-05-01 00:00:00', '3');
INSERT INTO `orders` VALUES ('ff80808136fca1af0136fca24d840001', 'A0128046291689', '8adc828a3695d052013695d0b4e20001', '1', '78.00', '402881e636f2dc220136f2e166cc0002', '2012-05-01 13:45:56', '2012-05-01 18:54:23', '3');
INSERT INTO `orders` VALUES ('ff80808136fcc4010136fcddc95a0001', 'A5122043292123', '8adc828a3695d052013695d0b4e20001', '2', '239.40', '402881e636f2dc220136f2e166cc0002', '2012-05-01 14:50:55', '2012-05-15 14:21:16', '3');
INSERT INTO `orders` VALUES ('ff80808136fd028d0136fd0be7070001', 'A4127043299529', '8adc828a3695d052013695d0b4e20001', '1', '79.80', '402881e636f2dc220136f2e166cc0002', '2012-05-01 15:41:17', '2012-05-15 14:21:18', '3');
INSERT INTO `orders` VALUES ('ff80808136feb2650136febca21a0001', 'A5124043299489', '8adc828a3695d052013695d0b4e20001', '1', '79.80', '402881e636f2dc220136f2e166cc0002', '2012-05-01 23:33:56', '2012-05-15 14:21:21', '3');
INSERT INTO `orders` VALUES ('ff80808136feb2650136febfdb700003', 'A8124042292900', '8adc828a3695d052013695d0b4e20001', '1', '79.80', '402881e636f2dc220136f2e166cc0002', '2012-05-01 23:37:28', '2012-06-07 23:11:41', '2');
INSERT INTO `orders` VALUES ('ff80808136feb2650136fec0314b0005', 'A3123047297704', '8adc828a3695d052013695d0b4e20001', '1', '79.80', '402881e636f2dc220136f2e166cc0002', '2012-05-01 23:37:50', '2012-05-15 14:21:23', '3');
INSERT INTO `orders` VALUES ('ff808081370381d7013703825fdb0001', 'A2120043308425', '8adc828a3695d052013695d0b4e20001', '5', '132.40', '402881e636f2dc220136f2e166cc0002', '2012-05-01 21:48:24', '2012-05-15 14:21:26', '3');
INSERT INTO `orders` VALUES ('ff808081370381d701370383137d0007', 'A0124045304861', '8adc828a3695d052013695d0b4e20001', '1', '106.40', '402881e636f2dc220136f2e166cc0002', '2012-05-01 07:00:00', '2012-05-15 14:21:06', '3');
INSERT INTO `orders` VALUES ('ff80808137348fd5013734966b5f0003', 'A2128057103389', '8adc828a3695d052013695d0b4e20001', '3', '79.80', '8adc82b53716c939013716c9ebb60002', '2012-05-10 10:31:42', '2012-05-10 10:32:27', '3');
INSERT INTO `orders` VALUES ('ff808081374b4dac01374b7a09210002', 'A2122055147135', '8adc828a3695d052013695d0b4e20001', '1', '26.60', '402881e636f2dc220136f2e166cc0002', '2012-05-14 21:11:57', '2012-05-15 14:21:31', '3');
INSERT INTO `orders` VALUES ('ff808081376bd58d01376bd789810001', 'A7125058215165', '8adc828a3695d052013695d0b4e20001', '2', '399.00', '402881e636f2dc220136f2e166cc0002', '2012-05-21 04:01:56', null, '1');
INSERT INTO `orders` VALUES ('ff808081376bd58d01376bdae0d4000b', 'A8126050219529', '8adc82b53740bae5013740d7eafe0001', '1', '292.60', 'ff808081376bd58d01376bdac90d000a', '2012-05-21 04:05:35', null, '1');

-- ----------------------------
-- Table structure for `product`
-- ----------------------------
DROP TABLE IF EXISTS `product`;
CREATE TABLE `product` (
  `productid` varchar(32) NOT NULL DEFAULT '',
  `userid` varchar(32) NOT NULL DEFAULT '',
  `bookid` varchar(32) NOT NULL DEFAULT '',
  `quantity` int(11) DEFAULT '1' COMMENT '数量',
  PRIMARY KEY (`productid`),
  KEY `bookid` (`bookid`),
  KEY `userid` (`userid`),
  CONSTRAINT `product_ibfk_1` FOREIGN KEY (`bookid`) REFERENCES `book` (`bookid`) ON DELETE NO ACTION ON UPDATE NO ACTION,
  CONSTRAINT `product_ibfk_2` FOREIGN KEY (`userid`) REFERENCES `user` (`userid`) ON DELETE NO ACTION ON UPDATE NO ACTION
) ENGINE=InnoDB DEFAULT CHARSET=utf8 COMMENT='购物车信息表';

-- ----------------------------
-- Records of product
-- ----------------------------
INSERT INTO `product` VALUES ('402881e637ca95200137ca9715a00005', '8adc828a3695d052013695d0b4e20001', '402881e637c797730137c7b3125f000c', '3');
INSERT INTO `product` VALUES ('402881e637ca95200137ca976cb70006', '8adc828a3695d052013695d0b4e20001', '402881e637c797730137c7b0eb86000b', '2');

-- ----------------------------
-- Table structure for `publisher`
-- ----------------------------
DROP TABLE IF EXISTS `publisher`;
CREATE TABLE `publisher` (
  `publisherid` varchar(32) NOT NULL DEFAULT '0',
  `publisher` varchar(50) NOT NULL DEFAULT '' COMMENT '出版社',
  PRIMARY KEY (`publisherid`),
  UNIQUE KEY `publisher` (`publisher`)
) ENGINE=InnoDB DEFAULT CHARSET=utf8 COMMENT='出版社表';

-- ----------------------------
-- Records of publisher
-- ----------------------------
INSERT INTO `publisher` VALUES ('402881e637c797730137c7a709200009', '万卷出版公司');
INSERT INTO `publisher` VALUES ('8adc82b5377a355501377a4fa4ed0004', '中国电力出版社');
INSERT INTO `publisher` VALUES ('8adc82bd36d5da360136d5dcdafd0003', '中国科学技术大学出版社');
INSERT INTO `publisher` VALUES ('8adc82b5377a355501377a4657c40003', '人民邮电出版社');
INSERT INTO `publisher` VALUES ('8adc82b5377a355501377a7d2d66000b', '北方文艺出版社');
INSERT INTO `publisher` VALUES ('8adc82b5377a355501377a77353f0007', '南海出版社');
INSERT INTO `publisher` VALUES ('8adc82bd36d5da360136d5dbafb10002', '安徽工程大学出版社');
INSERT INTO `publisher` VALUES ('8adc82b5377a355501377a6ae97d0005', '新星出版社');
INSERT INTO `publisher` VALUES ('8adc82bd36d626350136d62c40de0001', '机械工业出版社');
INSERT INTO `publisher` VALUES ('8adc82b5377a355501377a79d0e80009', '江苏文艺出版社');
INSERT INTO `publisher` VALUES ('8adc82b5377a355501377a412eb90002', '清华大学出版社');
INSERT INTO `publisher` VALUES ('8adc82b53779ece701377a2e6b21003d', '电子工业出版社');
INSERT INTO `publisher` VALUES ('8adc82b5377a355501377a3f85d50001', '高等教育出版社');

-- ----------------------------
-- Table structure for `recipient`
-- ----------------------------
DROP TABLE IF EXISTS `recipient`;
CREATE TABLE `recipient` (
  `recipientid` varchar(32) NOT NULL,
  `userid` varchar(32) NOT NULL COMMENT '用户',
  `recipient` varchar(20) NOT NULL COMMENT '收货人姓名',
  `phone` varchar(11) DEFAULT NULL COMMENT '收货人手机',
  `address` varchar(255) NOT NULL COMMENT '收货地址',
  `zipcode` varchar(10) NOT NULL COMMENT '邮编',
  `defaultaddr` int(1) DEFAULT '0' COMMENT '1:默认地址；0：非默认地址',
  `status` int(1) DEFAULT '0' COMMENT '收货地址状态（0：显示；1：隐藏）',
  PRIMARY KEY (`recipientid`),
  KEY `recipient_ibfk_1` (`userid`),
  CONSTRAINT `recipient_ibfk_1` FOREIGN KEY (`userid`) REFERENCES `user` (`userid`) ON DELETE NO ACTION ON UPDATE NO ACTION
) ENGINE=InnoDB DEFAULT CHARSET=utf8;

-- ----------------------------
-- Records of recipient
-- ----------------------------
INSERT INTO `recipient` VALUES ('402881e636f2dc220136f2e166cc0002', '8adc828a3695d052013695d0b4e20001', '尤元俊', '15955328723', '安徽省芜湖市北京中路安徽工程大学', '241000', '0', '1');
INSERT INTO `recipient` VALUES ('402881e636f314b00136f315c2da0001', '8adc828a3695d052013695d0b4e20001', '尤元俊', '15955328723', '暗示的广告', '241000', '0', '1');
INSERT INTO `recipient` VALUES ('402881e63746728f013746d806d00007', '8adc82b53745735d01374599f0760004', '尤元俊', '15955328723', '安工程', '241000', '0', '0');
INSERT INTO `recipient` VALUES ('402881e63746ea0e013746ebee3e0001', '8adc82b53745735d01374599f0760004', 'aaaaaaaaaaaa', '15955328723', 'asdg', '241000', '0', '0');
INSERT INTO `recipient` VALUES ('402881e63746ea0e013746ec2c500002', '8adc82b53745735d01374599f0760004', 'aaaaaaaaaaaa', '15955328723', 'asdg', '241000', '1', '0');
INSERT INTO `recipient` VALUES ('402881e63746ea0e013746ec52e40003', '8adc82b53745735d01374599f0760004', '发的是', '15955328723', 'asdg', '241000', '0', '0');
INSERT INTO `recipient` VALUES ('402881e63746ea0e013746ec61980004', '8adc82b53745735d01374599f0760004', '发的是', '15955328723', 'asdg', '241000', '0', '0');
INSERT INTO `recipient` VALUES ('402881e63746ea0e013746ec68920005', '8adc82b53745735d01374599f0760004', '发的是', '15955328723', 'asdg', '241000', '0', '0');
INSERT INTO `recipient` VALUES ('8adc82b53716c939013716c9ebb60002', '8adc828a3695d052013695d0b4e20001', '尤元俊', '15955328723', 'asdghhashasdfdfhs', '241000', '0', '1');
INSERT INTO `recipient` VALUES ('8adc82b537261f2f01372620dc780001', '8adc828a3695d052013695d0b4e20001', '尤元俊', '15988888888', '安徽省六安市叶集镇', '237431', '0', '1');
INSERT INTO `recipient` VALUES ('8adc82b537a1e2ef0137a2ad00ac0001', '8adc828a3695d052013695d0b4e20001', '尤元俊', '15955328723', '安徽省芜湖市北京中路安徽工程大学', '241000', '0', '1');
INSERT INTO `recipient` VALUES ('8adc82b537a1e2ef0137a2b004ab0007', '8adc828a3695d052013695d0b4e20001', '尤元俊', '15955328723', 'sdsssssssssssss', '241000', '0', '1');
INSERT INTO `recipient` VALUES ('8adc82b537c72b110137c743841d0002', '8adc828a3695d052013695d0b4e20001', '尤元俊', '15955328723', '安徽省芜湖市北京中路安徽工程大学', '241000', '1', '0');
INSERT INTO `recipient` VALUES ('8adc82b537c72b110137c74429c20003', '8adc828a3695d052013695d0b4e20001', '尤元俊', '15955328723', '安徽省六安市叶集镇', '237431', '0', '0');
INSERT INTO `recipient` VALUES ('ff80808136fbd8560136fbfa42910001', '8adc828a3695d052013695d0b4e20001', '爱读书', '15955328723', '娃儿发噶无关', '241000', '0', '1');
INSERT INTO `recipient` VALUES ('ff808081376bd58d01376bdac90d000a', '8adc82b53740bae5013740d7eafe0001', '尤元俊', 'asdg', 'sdagasdg', 'asdg', '1', '0');

-- ----------------------------
-- Table structure for `topcategory`
-- ----------------------------
DROP TABLE IF EXISTS `topcategory`;
CREATE TABLE `topcategory` (
  `categoryid` varchar(32) NOT NULL,
  `name` varchar(50) NOT NULL DEFAULT '' COMMENT '一级图书类别名称',
  PRIMARY KEY (`categoryid`),
  UNIQUE KEY `name` (`name`)
) ENGINE=InnoDB DEFAULT CHARSET=utf8;

-- ----------------------------
-- Records of topcategory
-- ----------------------------
INSERT INTO `topcategory` VALUES ('8adc82b53779ece701377a22e39c0024', '人文社科');
INSERT INTO `topcategory` VALUES ('8adc82b53779ece701377a1e9af50011', '励志/成功');
INSERT INTO `topcategory` VALUES ('8adc82bd36cd9f050136cd9fa0ac0001', '小说');
INSERT INTO `topcategory` VALUES ('ff80808136ce9d1c0136cea2e7ec0002', '少儿');
INSERT INTO `topcategory` VALUES ('ff80808136ce9d1c0136ce9da0ac0001', '教育');
INSERT INTO `topcategory` VALUES ('8adc82b53779ece701377a1d442c0008', '文艺');
INSERT INTO `topcategory` VALUES ('8adc82b53779ece701377a1f8fe50016', '生活');
INSERT INTO `topcategory` VALUES ('8adc82bd36d618eb0136d61afc460001', '科技');
INSERT INTO `topcategory` VALUES ('8adc82b53779ece701377a275a6e002e', '管理');
INSERT INTO `topcategory` VALUES ('8adc82b53779ece701377a1e0aee000d', '青春');

-- ----------------------------
-- Table structure for `user`
-- ----------------------------
DROP TABLE IF EXISTS `user`;
CREATE TABLE `user` (
  `userid` varchar(32) NOT NULL DEFAULT '',
  `username` varchar(20) NOT NULL COMMENT '用户名',
  `email` varchar(30) NOT NULL DEFAULT '' COMMENT '邮箱',
  `password` varchar(32) NOT NULL DEFAULT '' COMMENT '密码',
  `sex` int(1) DEFAULT '0' COMMENT '性别(0：男；1：女)',
  `phone` varchar(11) DEFAULT NULL COMMENT '电话',
  `status` int(1) DEFAULT '0' COMMENT '状态(0：正常;1：封杀)',
  PRIMARY KEY (`userid`),
  UNIQUE KEY `username` (`username`),
  UNIQUE KEY `email` (`email`)
) ENGINE=InnoDB DEFAULT CHARSET=utf8;

-- ----------------------------
-- Records of user
-- ----------------------------
INSERT INTO `user` VALUES ('297edb02372838390137283ae9db0002', '宇宙aaadds', 'cxhyrf.09@163.com', '47bce5c74f589f4867dbd57e9ca9f808', '0', '15988888888', '0');
INSERT INTO `user` VALUES ('8adc828a3695d052013695d0b4e20001', '宇宙浪子', 'cxhyrf.2009@163.com', '6c5bc43b443975b806740d8e41146479', '0', '15955328723', '0');
INSERT INTO `user` VALUES ('8adc82b53740bae5013740d7eafe0001', '阿斯顿个', 'cxhy@163.com', 'deb6a364563dd96f00d635c6c1cb2844', '0', '15955328723', '0');
INSERT INTO `user` VALUES ('8adc82b53745735d0137459808f90001', 'asdfg', 'cxhyr@163.com', '594f803b380a41396ed63dca39503542', '0', '15955328723', '0');
INSERT INTO `user` VALUES ('8adc82b53745735d01374599f0760004', 'aafsd', 'cxhyrf9@163.com', 'f7c13c058738d899c58492e1eb1c033c', '0', '15955328723', '0');
INSERT INTO `user` VALUES ('8adc82b5379db11d01379dfcacf50001', 'wwwww', 'cxhyrf.29@163.com', '06cc9f350e903d992c7c735fc076d169', '0', '', '1');
INSERT INTO `user` VALUES ('8adc82b537c72b110137c73d41ae0001', '尤元俊', '623806185@qq.com', '6c5bc43b443975b806740d8e41146479', '0', '15955328723', '0');
INSERT INTO `user` VALUES ('8adc82bd36df39120136df3a72c80001', '浪子a宇', 'cxhyrf@sina.com', '6c5bc43b443975b806740d8e41146479', '0', '15955328723', '0');
INSERT INTO `user` VALUES ('ff80808136de9d590136decc54cb0001', '宇宙', 'youyuanjun@gmail.com', '88ae26632fc2ee4721f4ae15ad41c8fb', '0', '15955328723', '0');
